accession,sample_name,organism,corrected organism
SAMN41711506,BACL27 sp._LV_1_7. Asembo Bay_2022,BACL27 sp.,
SAMN41711507,UBA2093 sp._LV_1_7. Asembo Bay_2022,UBA2093 sp.,
SAMN41711508,UBA1268 bacterium_LV_1_7. Asembo Bay_2022,UBA1268 bacterium,
SAMN41711509,UBA966 sp._LV_1_7. Asembo Bay_2022,UBA966 sp.,
SAMN41711512,UBA953 sp._LV_1_7. Asembo Bay_2022,UBA953 sp.,
SAMN41711513,UBA3006 sp._LV_1_7. Asembo Bay_2022,UBA3006 sp.,
SAMN41711514,F1-60-MAGs163 sp._LV_1_7. Asembo Bay_2022,F1-60-MAGs163 sp.,
SAMN41711515,BACL27 sp016870935_LV_1_7. Asembo Bay_2022,BACL27 sp016870935,
SAMN41711517,F1-60-MAGs163 sp._LV_2_7. Asembo Bay_2022,F1-60-MAGs163 sp.,
SAMN41711518,BACL27 sp._LV_2_7. Asembo Bay_2022,BACL27 sp.,
SAMN41711519,UBA953 sp._LV_2_7. Asembo Bay_2022,UBA953 sp.,
SAMN41711520,F1-60-MAGs149 sp016870485_LV_2_7. Asembo Bay_2022,F1-60-MAGs149 sp016870485,
SAMN41711521,UBA2093 sp._LV_2_7. Asembo Bay_2022,UBA2093 sp.,
SAMN41711522,UBA966 sp._LV_2_7. Asembo Bay_2022,UBA966 sp.,
SAMN41711526,UBA3006 sp._LV_2_7. Asembo Bay_2022,UBA3006 sp.,
SAMN41711527,UBA966 sp._LV_3_8. Ndere Island_2022,UBA966 sp.,
SAMN41711528,NIES-981 sp._LV_3_8. Ndere Island_2022,NIES-981 sp.,
SAMN41711529,VGZA01 sp._LV_3_8. Ndere Island_2022,VGZA01 sp.,
SAMN41711530,F1-60-MAGs163 sp._LV_3_8. Ndere Island_2022,F1-60-MAGs163 sp.,
SAMN41711531,67-14 sp._LV_3_8. Ndere Island_2022,67-14 sp.,
SAMN41711532,ATZT02 sp._LV_3_8. Ndere Island_2022,ATZT02 sp.,
SAMN41711533,SYHX01 sp._LV_3_8. Ndere Island_2022,SYHX01 sp.,
SAMN41711534,BACL27 sp._LV_3_8. Ndere Island_2022,BACL27 sp.,
SAMN41711535,MAG-120802 sp016870835_LV_3_8. Ndere Island_2022,MAG-120802 sp016870835,
SAMN41711538,MAG-120802 sp._LV_3_8. Ndere Island_2022,MAG-120802 sp.,
SAMN41711539,ER46 sp._LV_4_8. Ndere Island_2022,ER46 sp.,
SAMN41711540,UBA2093 sp._LV_4_8. Ndere Island_2022,UBA2093 sp.,
SAMN41711541,CADCWF01 sp._LV_4_8. Ndere Island_2022,CADCWF01 sp.,
SAMN41711543,VGZA01 sp._LV_4_8. Ndere Island_2022,VGZA01 sp.,
SAMN41711544,ELB16-189 sp._LV_4_8. Ndere Island_2022,ELB16-189 sp.,
SAMN41711546,ATZT02 sp._LV_4_8. Ndere Island_2022,ATZT02 sp.,
SAMN41711547,SYHX01 sp._LV_4_8. Ndere Island_2022,SYHX01 sp.,
SAMN41711548,67-14 sp._LV_4_8. Ndere Island_2022,67-14 sp.,
SAMN41711550,JAFMJV01 sp._LV_4_8. Ndere Island_2022,JAFMJV01 sp.,
SAMN41711551,UBA966 sp._LV_4_8. Ndere Island_2022,UBA966 sp.,
SAMN41711552,CAIUKV01 sp016870595_LV_4_8. Ndere Island_2022,CAIUKV01 sp016870595,
SAMN41711553,Mxb001 sp._LV_4_8. Ndere Island_2022,Mxb001 sp.,
SAMN41711554,BACL27 sp._LV_4_8. Ndere Island_2022,BACL27 sp.,
SAMN41711556,BACL27 sp._LV_4_8. Ndere Island_2022_1,BACL27 sp.,
SAMN41711557,QWPN01 sp._LV_4_8. Ndere Island_2022,QWPN01 sp.,
SAMN41711558,SYFI01 sp._LV_4_8. Ndere Island_2022,SYFI01 sp.,
SAMN41711559,CAINEC01 sp._LV_5_9. Mid Gulf_2022,CAINEC01 sp.,
SAMN41711560,ER46 sp._LV_5_9. Mid Gulf_2022,ER46 sp.,
SAMN41711561,CAIUSP01 sp._LV_5_9. Mid Gulf_2022,CAIUSP01 sp.,
SAMN41711563,67-14 sp._LV_5_9. Mid Gulf_2022,67-14 sp.,
SAMN41711564,CAINVI01 sp._LV_5_9. Mid Gulf_2022,CAINVI01 sp.,
SAMN41711567,UBA3064 sp016868095_LV_5_9. Mid Gulf_2022,UBA3064 sp016868095,
SAMN41711568,PNKF01 sp016871915_LV_5_9. Mid Gulf_2022,PNKF01 sp016871915,
SAMN41711569,ER46 sp._LV_6_9. Mid Gulf_2022,ER46 sp.,
SAMN41711570,CAINEC01 sp._LV_6_9. Mid Gulf_2022,CAINEC01 sp.,
SAMN41711571,UBA4660 sp._LV_6_9. Mid Gulf_2022,UBA4660 sp.,
SAMN41711572,67-14 sp._LV_6_9. Mid Gulf_2022,67-14 sp.,
SAMN41711573,CAINVI01 sp._LV_6_9. Mid Gulf_2022,CAINVI01 sp.,
SAMN41711574,UBA953 sp._LV_6_9. Mid Gulf_2022,UBA953 sp.,
SAMN41711575,QWPN01 sp016872925_LV_6_9. Mid Gulf_2022,QWPN01 sp016872925,
SAMN41711576,QWPN01 sp._LV_6_9. Mid Gulf_2022,QWPN01 sp.,
SAMN41711577,UBA953 sp._LV_6_9. Mid Gulf_2022_1,UBA953 sp.,
SAMN41711578,F1-60-MAGs163 sp._LV_6_9. Mid Gulf_2022,F1-60-MAGs163 sp.,
SAMN41711579,F1-60-MAGs027 sp016870295_LV_6_9. Mid Gulf_2022,F1-60-MAGs027 sp016870295,
SAMN41711581,Mxb001 sp._LV_6_9. Mid Gulf_2022,Mxb001 sp.,
SAMN41711582,BACL27 sp._LV_6_9. Mid Gulf_2022,BACL27 sp.,
SAMN41711583,Casp-actino8 sp._LV_6_9. Mid Gulf_2022,Casp-actino8 sp.,
SAMN41711584,OLB10 bacterium_LV_7_5. Mbita East_2022,OLB10 bacterium,
SAMN41711585,SYHX01 sp._LV_7_5. Mbita East_2022,SYHX01 sp.,
SAMN41711586,CAIOSQ01 sp._LV_7_5. Mbita East_2022,CAIOSQ01 sp.,
SAMN41711587,UBA955 sp016868785_LV_7_5. Mbita East_2022,UBA955 sp016868785,
SAMN41711588,JAEUHO01 bacterium_LV_7_5. Mbita East_2022,JAEUHO01 bacterium,
SAMN41711589,PALSA-610 bacterium_LV_7_5. Mbita East_2022,PALSA-610 bacterium,
SAMN41711590,UBA952 sp016872115_LV_7_5. Mbita East_2022,UBA952 sp016872115,
SAMN41711592,HRBIN12 bacterium_LV_7_5. Mbita East_2022,HRBIN12 bacterium,
SAMN41711593,QWPN01 sp._LV_7_5. Mbita East_2022,QWPN01 sp.,
SAMN41711594,F1-60-MAGs027 sp016870295_LV_7_5. Mbita East_2022,F1-60-MAGs027 sp016870295,
SAMN41711596,BACL27 sp._LV_7_5. Mbita East_2022,BACL27 sp.,
SAMN41711597,MAG-120802 sp016870835_LV_7_5. Mbita East_2022,MAG-120802 sp016870835,
SAMN41711598,BACL27 sp016870935_LV_7_5. Mbita East_2022,BACL27 sp016870935,
SAMN41711599,UBA12189 sp003530835_LV_7_5. Mbita East_2022,UBA12189 sp003530835,
SAMN41711600,QWPN01 sp._LV_7_5. Mbita East_2022_1,QWPN01 sp.,
SAMN41711601,MAG-120802 sp016870855_LV_7_5. Mbita East_2022,MAG-120802 sp016870855,
SAMN41711602,UBA967 sp._LV_8_5. Mbita East_2022,UBA967 sp.,
SAMN41711603,SYHX01 sp._LV_8_5. Mbita East_2022,SYHX01 sp.,
SAMN41711604,HRBIN12 bacterium_LV_8_5. Mbita East_2022,HRBIN12 bacterium,
SAMN41711606,F1-60-MAGs027 sp016870295_LV_8_5. Mbita East_2022,F1-60-MAGs027 sp016870295,
SAMN41711607,Casp-actino8 sp._LV_8_5. Mbita East_2022,Casp-actino8 sp.,
SAMN41711608,BACL27 sp._LV_8_5. Mbita East_2022,BACL27 sp.,
SAMN41711610,RFTU01 sp._LV_8_5. Mbita East_2022,RFTU01 sp.,
SAMN41711611,Rhodoluna sp._LV_8_5. Mbita East_2022,Rhodolu sp.,
SAMN41711613,MAG-120802 sp016870855_LV_8_5. Mbita East_2022,MAG-120802 sp016870855,
SAMN41711614,ZLKRG08 sp._LV_8_5. Mbita East_2022,ZLKRG08 sp.,
SAMN41711615,PBB1 sp._LV_9_5. Mbita East_2022,PBB1 sp.,
SAMN41711617,F1-60-MAGs027 sp016870295_LV_9_5. Mbita East_2022,F1-60-MAGs027 sp016870295,
SAMN41711618,BACL27 sp016870935_LV_10_5. Mbita East_2022,BACL27 sp016870935,
SAMN41711619,BACL27 sp._LV_11_1. Homa Bay_2022,BACL27 sp.,
SAMN41711621,UBA966 sp._LV_12_1. Homa Bay_2022,UBA966 sp.,
SAMN41711622,MAG-120802 sp._LV_12_1. Homa Bay_2022,MAG-120802 sp.,
SAMN41711623,ELB16-189 sp._LV_12_1. Homa Bay_2022,ELB16-189 sp.,
SAMN41711624,JACTMZ01 sp._LV_13_4. Soklo_2022,JACTMZ01 sp.,
SAMN41711625,SXXZ01 sp._LV_13_4. Soklo_2022,SXXZ01 sp.,
SAMN41711626,ELB16-189 sp._LV_13_4. Soklo_2022,ELB16-189 sp.,
SAMN41711628,UBA6894 sp._LV_13_4. Soklo_2022,UBA6894 sp.,
SAMN41711629,UBA953 sp._LV_13_4. Soklo_2022,UBA953 sp.,
SAMN41711631,OLB10 bacterium_LV_13_4. Soklo_2022,OLB10 bacterium,
SAMN41711632,REEB460 sp._LV_13_4. Soklo_2022,REEB460 sp.,
SAMN41711634,PNKF01 sp016871915_LV_13_4. Soklo_2022,PNKF01 sp016871915,
SAMN41711635,SYAN01 sp._LV_13_4. Soklo_2022,SYAN01 sp.,
SAMN41711636,Casp-actino8 sp._LV_13_4. Soklo_2022,Casp-actino8 sp.,
SAMN41711637,RGVT01 sp._LV_13_4. Soklo_2022,RGVT01 sp.,
SAMN41711638,SYHX01 sp._LV_13_4. Soklo_2022,SYHX01 sp.,
SAMN41711639,ELB16-189 sp._LV_13_4. Soklo_2022_1,ELB16-189 sp.,
SAMN41711640,BACL27 sp016870935_LV_13_4. Soklo_2022,BACL27 sp016870935,
SAMN41711642,MAG-120802 sp016870855_LV_13_4. Soklo_2022,MAG-120802 sp016870855,
SAMN41711643,MAG-120802 sp._LV_13_4. Soklo_2022,MAG-120802 sp.,
SAMN41711644,67-14 sp._LV_13_4. Soklo_2022,67-14 sp.,
SAMN41711645,UBA967 sp._LV_13_4. Soklo_2022,UBA967 sp.,
SAMN41711646,F1-20-MAGs160 sp._LV_13_4. Soklo_2022,F1-20-MAGs160 sp.,
SAMN41711647,UBA2093 sp._LV_13_4. Soklo_2022,UBA2093 sp.,
SAMN41711649,F1-60-MAGs163 sp._LV_13_4. Soklo_2022,F1-60-MAGs163 sp.,
SAMN41711650,UBA961 sp._LV_13_4. Soklo_2022,UBA961 sp.,
SAMN41711651,Casp-actino8 sp._LV_13_4. Soklo_2022_1,Casp-actino8 sp.,
SAMN41711652,SYFI01 sp._LV_13_4. Soklo_2022,SYFI01 sp.,
SAMN41711653,UBA964 sp016874175_LV_13_4. Soklo_2022,UBA964 sp016874175,
SAMN41711654,UBA3064 sp016868095_LV_13_4. Soklo_2022,UBA3064 sp016868095,
SAMN41711655,UBA3006 sp._LV_13_4. Soklo_2022,UBA3006 sp.,
SAMN41711656,JJ008 sp._LV_13_4. Soklo_2022,JJ008 sp.,
SAMN41711657,OLB14 sp._LV_13_4. Soklo_2022,OLB14 sp.,
SAMN41711658,UBA2093 sp._LV_13_4. Soklo_2022_1,UBA2093 sp.,
SAMN41711659,RFPI01 sp009926205_LV_13_4. Soklo_2022,RFPI01 sp009926205,
SAMN41711661,UBA3006 sp._LV_14_4. Soklo_2022,UBA3006 sp.,
SAMN41711662,JACTMZ01 sp._LV_14_4. Soklo_2022,JACTMZ01 sp.,
SAMN41711663,UBA966 sp._LV_14_4. Soklo_2022,UBA966 sp.,
SAMN41711665,SYHX01 sp._LV_14_4. Soklo_2022,SYHX01 sp.,
SAMN41711668,67-14 sp._LV_14_4. Soklo_2022,67-14 sp.,
SAMN41711669,F1-60-MAGs163 sp._LV_14_4. Soklo_2022,F1-60-MAGs163 sp.,
SAMN41711670,RFTU01 sp._LV_14_4. Soklo_2022,RFTU01 sp.,
SAMN41711673,MAG-120802 sp016870855_LV_14_4. Soklo_2022,MAG-120802 sp016870855,
SAMN41711674,UBA2093 sp._LV_14_4. Soklo_2022,UBA2093 sp.,
SAMN41711675,BACL27 sp016870935_LV_14_4. Soklo_2022,BACL27 sp016870935,
SAMN41711676,MAG-120802 sp._LV_14_4. Soklo_2022,MAG-120802 sp.,
SAMN41711677,UBA3006 sp._LV_14_4. Soklo_2022_1,UBA3006 sp.,
SAMN41711678,RFPI01 sp009926205_LV_14_4. Soklo_2022,RFPI01 sp009926205,
SAMN41711679,PNKF01 sp016871915_LV_15_2. Homa Bay Pier_2022,PNKF01 sp016871915,
SAMN41711680,UBA1268 bacterium_LV_15_2. Homa Bay Pier_2022,UBA1268 bacterium,
SAMN41711681,Mxb001 sp._LV_15_2. Homa Bay Pier_2022,Mxb001 sp.,
SAMN41711682,UBA966 sp._LV_15_2. Homa Bay Pier_2022,UBA966 sp.,
SAMN41711685,UBA10438 sp._LV_15_2. Homa Bay Pier_2022,UBA10438 sp.,
SAMN41711689,SXXK01 sp._LV_15_2. Homa Bay Pier_2022,SXXK01 sp.,
SAMN41711690,UBA967 sp._LV_16_2. Homa Bay Pier_2022,UBA967 sp.,
SAMN41711691,ELB16-189 sp._LV_16_2. Homa Bay Pier_2022,ELB16-189 sp.,
SAMN41711692,BACL27 sp._LV_16_2. Homa Bay Pier_2022,BACL27 sp.,
SAMN41711693,F1-60-MAGs027 sp016870295_LV_16_2. Homa Bay Pier_2022,F1-60-MAGs027 sp016870295,
SAMN41711694,RFTU01 sp._LV_16_2. Homa Bay Pier_2022,RFTU01 sp.,
SAMN41711696,UBA966 sp._LV_17_3. Homa Bay Water Intake_2022,UBA966 sp.,
SAMN41711697,JJ008 sp._LV_17_3. Homa Bay Water Intake_2022,JJ008 sp.,
SAMN41711698,BACL27 sp._LV_17_3. Homa Bay Water Intake_2022,BACL27 sp.,
SAMN41711699,UBA967 sp._LV_17_3. Homa Bay Water Intake_2022,UBA967 sp.,
SAMN41711700,JACTMZ01 sp._LV_17_3. Homa Bay Water Intake_2022,JACTMZ01 sp.,
SAMN41711701,UBA1268 bacterium_LV_17_3. Homa Bay Water Intake_2022,UBA1268 bacterium,
SAMN41711702,QWPN01 sp._LV_17_3. Homa Bay Water Intake_2022,QWPN01 sp.,
SAMN41711705,UBA1268 bacterium_LV_18_3. Homa Bay Water Intake_2022,UBA1268 bacterium,
SAMN41711706,JACTMZ01 sp._LV_18_3. Homa Bay Water Intake_2022,JACTMZ01 sp.,
SAMN41711708,ELB16-189 sp._LV_18_3. Homa Bay Water Intake_2022,ELB16-189 sp.,
SAMN41711709,UBA966 sp._LV_18_3. Homa Bay Water Intake_2022,UBA966 sp.,
SAMN41711710,CAIUPE01 sp._LV_18_3. Homa Bay Water Intake_2022,CAIUPE01 sp.,
SAMN41711711,RFTU01 sp._LV_18_3. Homa Bay Water Intake_2022,RFTU01 sp.,
SAMN41711712,MAG-120802 sp003569145_LV_18_3. Homa Bay Water Intake_2022,MAG-120802 sp003569145,
SAMN41711713,BACL27 sp._LV_18_3. Homa Bay Water Intake_2022,BACL27 sp.,
SAMN41711714,RFTU01 sp._LV_19_H1. Homa Bay Coast_2022,RFTU01 sp.,
SAMN41711715,UBA954 sp._LV_19_H1. Homa Bay Coast_2022,UBA954 sp.,
SAMN41711716,JACTMZ01 sp._LV_19_H1. Homa Bay Coast_2022,JACTMZ01 sp.,
SAMN41711717,BACL27 sp._LV_19_H1. Homa Bay Coast_2022,BACL27 sp.,
SAMN41711721,UBA954 sp._LV_20_H1. Homa Bay Coast_2022,UBA954 sp.,
SAMN41711722,JACTMZ01 sp._LV_20_H1. Homa Bay Coast_2022,JACTMZ01 sp.,
SAMN41711723,BACL27 sp._LV_20_H1. Homa Bay Coast_2022,BACL27 sp.,
SAMN41711725,RFTU01 sp._LV_20_H1. Homa Bay Coast_2022,RFTU01 sp.,
SAMN41711726,UBA1268 bacterium_LV_20_H1. Homa Bay Coast_2022,UBA1268 bacterium,
SAMN41711727,UBA3015 sp._LV_21_6. Mbita West_2022,UBA3015 sp.,
SAMN41711728,SYHX01 sp._LV_21_6. Mbita West_2022,SYHX01 sp.,
SAMN41711730,UBA966 sp._LV_21_6. Mbita West_2022,UBA966 sp.,
SAMN41711732,CAIOSQ01 sp._LV_21_6. Mbita West_2022,CAIOSQ01 sp.,
SAMN41711733,UBA966 sp016873255_LV_21_6. Mbita West_2022,UBA966 sp016873255,
SAMN41711735,Casp-actino8 sp._LV_21_6. Mbita West_2022,Casp-actino8 sp.,
SAMN41711737,NIES-981 sp._LV_21_6. Mbita West_2022,NIES-981 sp.,
SAMN41711738,F1-60-MAGs027 sp016870295_LV_21_6. Mbita West_2022,F1-60-MAGs027 sp016870295,
SAMN41711740,ZLKRG08 sp._LV_21_6. Mbita West_2022,ZLKRG08 sp.,
SAMN41711741,F1-60-MAGs149 sp016870485_LV_21_6. Mbita West_2022,F1-60-MAGs149 sp016870485,
SAMN41711743,UBA2093 sp._LV_21_6. Mbita West_2022,UBA2093 sp.,
SAMN41711744,PNKF01 sp016871915_LV_21_6. Mbita West_2022,PNKF01 sp016871915,
SAMN41711745,UBA12189 sp014189895_LV_21_6. Mbita West_2022,UBA12189 sp014189895,
SAMN41711746,ER46 sp._LV_21_6. Mbita West_2022,ER46 sp.,
SAMN41711747,UBA952 sp._LV_21_6. Mbita West_2022,UBA952 sp.,
SAMN41711749,SXYR01 sp016868855_LV_21_6. Mbita West_2022,SXYR01 sp016868855,
SAMN41711750,CAIUPE01 sp._LV_21_6. Mbita West_2022,CAIUPE01 sp.,
SAMN41711751,Polaromonas sp016868205_LV_21_6. Mbita West_2022,Polaromos sp.,
SAMN41711752,UBA2093 sp._LV_21_6. Mbita West_2022_1,UBA2093 sp.,
SAMN41711753,JJ008 sp016872155_LV_21_6. Mbita West_2022,JJ008 sp016872155,
SAMN41711754,Roseomonas_B sp._LV_21_6. Mbita West_2022,Roseomos sp.,
SAMN41711755,VGXF01 sp016873435_LV_21_6. Mbita West_2022,VGXF01 sp016873435,
SAMN41711756,CADCWF01 sp._LV_22_6. Mbita West_2022,CADCWF01 sp.,
SAMN41711758,BACL27 sp._LV_22_6. Mbita West_2022,BACL27 sp.,
SAMN41711759,NICIL-2 bacterium_LV_22_6. Mbita West_2022,NICIL-2 bacterium,
SAMN41711760,CADEFY01 sp._LV_22_6. Mbita West_2022,CADEFY01 sp.,
SAMN41711761,Casp-actino8 sp._LV_22_6. Mbita West_2022,Casp-actino8 sp.,
SAMN41711763,MAG-120802 sp016870835_LV_22_6. Mbita West_2022,MAG-120802 sp016870835,
SAMN41711764,67-14 sp._LV_22_6. Mbita West_2022,67-14 sp.,
SAMN41711765,QWPN01 sp._LV_22_6. Mbita West_2022,QWPN01 sp.,
SAMN41711766,TMED14 sp016868755_LV_22_6. Mbita West_2022,TMED14 sp016868755,
SAMN41711767,Casp-actino8 sp._LV_22_6. Mbita West_2022_1,Casp-actino8 sp.,
SAMN41711768,12-FULL-67-14b sp._LV_22_6. Mbita West_2022,12-FULL-67-14b sp.,
SAMN41711769,UBA964 sp._LV_22_6. Mbita West_2022,UBA964 sp.,
SAMN41711770,UBA964 sp016874235_LV_22_6. Mbita West_2022,UBA964 sp016874235,
SAMN41711771,CAIUSP01 sp._LV_22_6. Mbita West_2022,CAIUSP01 sp.,
SAMN41711772,CAIXOZ01 sp._LV_22_6. Mbita West_2022,CAIXOZ01 sp.,
SAMN41711774,UBA2093 sp._LV_22_6. Mbita West_2022,UBA2093 sp.,
SAMN41711775,F1-60-MAGs163 sp._LV_22_6. Mbita West_2022,F1-60-MAGs163 sp.,
SAMN41711776,VGCC01 sp._LV_22_6. Mbita West_2022,VGCC01 sp.,
SAMN41711777,PNKF01 sp016871895_LV_22_6. Mbita West_2022,PNKF01 sp016871895,
SAMN41711778,UBA4655 sp._LV_22_6. Mbita West_2022,UBA4655 sp.,
SAMN41711779,SYIM01 sp016868375_LV_22_6. Mbita West_2022,SYIM01 sp016868375,
SAMN41711780,SYGV01 sp._LV_22_6. Mbita West_2022,SYGV01 sp.,
SAMN41711781,SYIM01 sp._LV_22_6. Mbita West_2022,SYIM01 sp.,
SAMN41711782,UBA953 sp._LV_22_6. Mbita West_2022,UBA953 sp.,
SAMN41711784,UBA964 sp._LV_22_6. Mbita West_2022_1,UBA964 sp.,
SAMN41711785,SXTU01 sp._LV_22_6. Mbita West_2022,SXTU01 sp.,
SAMN41711787,SYFN01 sp._LV_22_6. Mbita West_2022,SYFN01 sp.,
SAMN41711788,SYFN01 sp._LV_23_10. Kisumu Harbor_2023,SYFN01 sp.,
SAMN41711790,JACTMZ01 sp._LV_23_10. Kisumu Harbor_2023,JACTMZ01 sp.,
SAMN41711791,UBA10511 sp._LV_23_10. Kisumu Harbor_2023,UBA10511 sp.,
SAMN41711792,F1-60-MAGs027 sp016870295_LV_23_10. Kisumu Harbor_2023,F1-60-MAGs027 sp016870295,
SAMN41711793,RFTU01 sp._LV_23_10. Kisumu Harbor_2023,RFTU01 sp.,
SAMN41711794,Casp-actino8 sp._LV_23_10. Kisumu Harbor_2023,Casp-actino8 sp.,
SAMN41711795,NICIL-2 bacterium_LV_23_10. Kisumu Harbor_2023,NICIL-2 bacterium,
SAMN41711796,BACL27 sp._LV_23_10. Kisumu Harbor_2023,BACL27 sp.,
SAMN41711797,SXXK01 sp._LV_23_10. Kisumu Harbor_2023,SXXK01 sp.,
SAMN41711798,SYHX01 sp009927485_LV_23_10. Kisumu Harbor_2023,SYHX01 sp009927485,
SAMN41711802,MAG-120802 sp016870835_LV_23_10. Kisumu Harbor_2023,MAG-120802 sp016870835,
SAMN41711803,F1-60-MAGs140 sp016868485_LV_23_10. Kisumu Harbor_2023,F1-60-MAGs140 sp016868485,
SAMN41711804,RGVT01 sp._LV_23_10. Kisumu Harbor_2023,RGVT01 sp.,
SAMN41711805,QWPN01 sp._LV_23_10. Kisumu Harbor_2023,QWPN01 sp.,
SAMN41711807,OLB14 sp._LV_23_10. Kisumu Harbor_2023,OLB14 sp.,
SAMN41711808,ZLKRG08 sp018883345_LV_23_10. Kisumu Harbor_2023,ZLKRG08 sp018883345,
SAMN41711809,UBA6186 bacterium_LV_23_10. Kisumu Harbor_2023,UBA6186 bacterium,
SAMN41711810,M3007 sp._LV_23_10. Kisumu Harbor_2023,M3007 sp.,
SAMN41711811,UBA12189 sp003530835_LV_23_10. Kisumu Harbor_2023,UBA12189 sp003530835,
SAMN41711812,UBA967 sp._LV_23_10. Kisumu Harbor_2023,UBA967 sp.,
SAMN41711813,RFPI01 sp009926205_LV_23_10. Kisumu Harbor_2023,RFPI01 sp009926205,
SAMN41711814,CAINVI01 sp._LV_23_10. Kisumu Harbor_2023,CAINVI01 sp.,
SAMN41711815,MAG-120802 sp._LV_23_10. Kisumu Harbor_2023,MAG-120802 sp.,
SAMN41711816,RGVT01 sp._LV_23_10. Kisumu Harbor_2023_1,RGVT01 sp.,
SAMN41711817,BACL27 sp._LV_24_11. Dunga_2023,BACL27 sp.,
SAMN41711818,Casp-actino8 sp._LV_24_11. Dunga_2023,Casp-actino8 sp.,
SAMN41711820,MAG-120802 sp._LV_24_11. Dunga_2023,MAG-120802 sp.,
SAMN41711822,MAG-120802 sp._LV_24_11. Dunga_2023_1,MAG-120802 sp.,
SAMN41711824,F1-60-MAGs027 sp016870295_LV_24_11. Dunga_2023,F1-60-MAGs027 sp016870295,
SAMN41711825,OLB14 sp._LV_25_15. Sondu Miriu_2023,OLB14 sp.,
SAMN41711826,UBA6176 sp._LV_25_15. Sondu Miriu_2023,UBA6176 sp.,
SAMN41711828,M3007 sp._LV_25_15. Sondu Miriu_2023,M3007 sp.,
SAMN41711829,CAIOZW01 sp._LV_25_15. Sondu Miriu_2023,CAIOZW01 sp.,
SAMN41711830,ZLKRG08 sp._LV_25_15. Sondu Miriu_2023,ZLKRG08 sp.,
SAMN41711831,UBA961 sp._LV_25_15. Sondu Miriu_2023,UBA961 sp.,
SAMN41711833,JADJPL01 sp._LV_25_15. Sondu Miriu_2023,JADJPL01 sp.,
SAMN41711835,RBG-16-57-11 sp._LV_25_15. Sondu Miriu_2023,RBG-16-57-11 sp.,
SAMN41711836,UBA6136 sp._LV_25_15. Sondu Miriu_2023,UBA6136 sp.,
SAMN41711839,JADJPL01 sp._LV_25_15. Sondu Miriu_2023_1,JADJPL01 sp.,
SAMN41711840,NICIL-2 bacterium_LV_25_15. Sondu Miriu_2023,NICIL-2 bacterium,
SAMN41711842,MAG-120802 sp._LV_25_15. Sondu Miriu_2023,MAG-120802 sp.,
SAMN41711843,SYHX01 sp._LV_26_17. Southern Mid-Gulf_2023,SYHX01 sp.,
SAMN41711844,UBA9464 bacterium_LV_26_17. Southern Mid-Gulf_2023,UBA9464 bacterium,
SAMN41711845,REEB422 sp._LV_26_17. Southern Mid-Gulf_2023,REEB422 sp.,
SAMN41711846,ELB16-189 sp._LV_26_17. Southern Mid-Gulf_2023,ELB16-189 sp.,
SAMN41711847,ER46 sp._LV_26_17. Southern Mid-Gulf_2023,ER46 sp.,
SAMN41711848,REEB426 sp._LV_26_17. Southern Mid-Gulf_2023,REEB426 sp.,
SAMN41711849,JAEUHO01 bacterium_LV_26_17. Southern Mid-Gulf_2023,JAEUHO01 bacterium,
SAMN41711850,Pyrinomonadaceae bacterium_LV_26_17. Southern Mid-Gulf_2023,Pyrinomodaceae bacterium,
SAMN41711851,RFTU01 sp._LV_26_17. Southern Mid-Gulf_2023,RFTU01 sp.,
SAMN41711852,UBA2466 sp900299195_LV_26_17. Southern Mid-Gulf_2023,UBA2466 sp900299195,
SAMN41711853,UBA7803 sp._LV_26_17. Southern Mid-Gulf_2023,UBA7803 sp.,
SAMN41711854,RGVT01 sp._LV_26_17. Southern Mid-Gulf_2023,RGVT01 sp.,
SAMN41711855,F1-60-MAGs027 sp._LV_26_17. Southern Mid-Gulf_2023,F1-60-MAGs027 sp.,
SAMN41711856,F1-20-MAGs119 sp._LV_26_17. Southern Mid-Gulf_2023,F1-20-MAGs119 sp.,
SAMN41711859,RFNO01 sp._LV_26_17. Southern Mid-Gulf_2023,RFNO01 sp.,
SAMN41711861,Mxb001 sp._LV_26_17. Southern Mid-Gulf_2023,Mxb001 sp.,
SAMN41711863,MAG-120802 sp._LV_26_17. Southern Mid-Gulf_2023,MAG-120802 sp.,
SAMN41711864,UBA961 sp009919265_LV_26_17. Southern Mid-Gulf_2023,UBA961 sp009919265,
SAMN41711866,QWPN01 sp._LV_26_17. Southern Mid-Gulf_2023,QWPN01 sp.,
SAMN41711867,JJ008 sp903879995_LV_26_17. Southern Mid-Gulf_2023,JJ008 sp903879995,
SAMN41711868,SYFN01 sp._LV_26_17. Southern Mid-Gulf_2023,SYFN01 sp.,
SAMN41711869,CAIUKV01 sp._LV_26_17. Southern Mid-Gulf_2023,CAIUKV01 sp.,
SAMN41711870,BACL27 sp._LV_26_17. Southern Mid-Gulf_2023,BACL27 sp.,
SAMN41711872,IMCC26077 sp016870715_LV_26_17. Southern Mid-Gulf_2023,IMCC26077 sp016870715,
SAMN41711874,VGZA01 sp._LV_26_17. Southern Mid-Gulf_2023,VGZA01 sp.,
SAMN41711876,PNKF01 sp016871915_LV_26_17. Southern Mid-Gulf_2023,PNKF01 sp016871915,
SAMN41711878,PALSA-610 bacterium_LV_26_17. Southern Mid-Gulf_2023,PALSA-610 bacterium,
SAMN41711882,F1-20-MAGs016 sp._LV_26_17. Southern Mid-Gulf_2023,F1-20-MAGs016 sp.,
SAMN41711883,UBA12189 sp._LV_26_17. Southern Mid-Gulf_2023,UBA12189 sp.,
SAMN41711884,JACTMZ01 sp._LV_26_17. Southern Mid-Gulf_2023,JACTMZ01 sp.,
SAMN41711885,SYAR01 sp._LV_26_17. Southern Mid-Gulf_2023,SYAR01 sp.,
SAMN41711886,UBA952 sp._LV_26_17. Southern Mid-Gulf_2023,UBA952 sp.,
SAMN41711887,UBA10511 sp._LV_26_17. Southern Mid-Gulf_2023,UBA10511 sp.,
SAMN41711888,NICIL-2 bacterium_LV_26_17. Southern Mid-Gulf_2023,NICIL-2 bacterium,
SAMN41711889,MAG-120802 sp._LV_26_17. Southern Mid-Gulf_2023_1,MAG-120802 sp.,
SAMN41711890,ATZT02 sp._LV_26_17. Southern Mid-Gulf_2023,ATZT02 sp.,
SAMN41711891,MAG-120802 sp._LV_26_17. Southern Mid-Gulf_2023_2,MAG-120802 sp.,
SAMN41711895,CAIKZY01 sp._LV_27_18. Awach River Mouth_2023,CAIKZY01 sp.,
SAMN41711898,UBA10511 sp._LV_27_18. Awach River Mouth_2023,UBA10511 sp.,
SAMN41711902,F1-60-MAGs027 sp016870295_LV_29_20. Ingra_2023,F1-60-MAGs027 sp016870295,
SAMN41711903,UBA954 sp._LV_29_20. Ingra_2023,UBA954 sp.,
SAMN41711904,BACL27 sp._LV_29_20. Ingra_2023,BACL27 sp.,
SAMN41711905,MAG-120802 sp._LV_29_20. Ingra_2023,MAG-120802 sp.,
SAMN41711907,BACL27 sp016870935_LV_29_20. Ingra_2023,BACL27 sp016870935,
SAMN41711910,SXXK01 sp._LV_29_20. Ingra_2023,SXXK01 sp.,
SAMN41711912,RFTU01 sp._LV_30_21. Kowuor_2023,RFTU01 sp.,
SAMN41711913,F1-60-MAGs027 sp016870295_LV_30_21. Kowuor_2023,F1-60-MAGs027 sp016870295,
SAMN41711914,BACL27 sp016870935_LV_30_21. Kowuor_2023,BACL27 sp016870935,
SAMN41711916,BACL27 sp._LV_30_21. Kowuor_2023,BACL27 sp.,
SAMN41711917,MAG-120802 sp016870855_LV_30_21. Kowuor_2023,MAG-120802 sp016870855,
SAMN41711919,SYHX01 sp009927485_LV_30_21. Kowuor_2023,SYHX01 sp009927485,
SAMN41711920,MAG-120802 sp016870835_LV_30_21. Kowuor_2023,MAG-120802 sp016870835,
SAMN41711921,VGXF01 sp016873435_LV_30_21. Kowuor_2023,VGXF01 sp016873435,
SAMN41711922,Casp-actino8 sp._LV_30_21. Kowuor_2023,Casp-actino8 sp.,
SAMN41711923,OLB10 bacterium_LV_30_21. Kowuor_2023,OLB10 bacterium,
SAMN41711925,BACL27 sp._LV_31_22. Oluch_2023,BACL27 sp.,
SAMN41711926,F1-60-MAGs027 sp016870295_LV_31_22. Oluch_2023,F1-60-MAGs027 sp016870295,
SAMN41711927,SXXK01 sp._LV_31_22. Oluch_2023,SXXK01 sp.,
SAMN41711930,BACL27 sp016870935_LV_32_23. Sikli_2023,BACL27 sp016870935,
SAMN41711931,Pseudanabaena sp._LV_32_23. Sikli_2023,Pseudabae sp.,
SAMN41711932,OLB10 bacterium_LV_32_23. Sikli_2023,OLB10 bacterium,
SAMN41711933,ZLKRG08 sp._LV_32_23. Sikli_2023,ZLKRG08 sp.,
SAMN41711938,SXXK01 sp._LV_32_23. Sikli_2023,SXXK01 sp.,
SAMN41711939,ELB16-189 sp._LV_32_23. Sikli_2023,ELB16-189 sp.,
SAMN41711940,F1-60-MAGs027 sp016870295_LV_32_23. Sikli_2023,F1-60-MAGs027 sp016870295,
SAMN41711941,BACL27 sp._LV_33_24. Mirunda_2023,BACL27 sp.,
SAMN41711942,MAG-120802 sp016870855_LV_33_24. Mirunda_2023,MAG-120802 sp016870855,
SAMN41711943,F1-60-MAGs027 sp016870295_LV_33_24. Mirunda_2023,F1-60-MAGs027 sp016870295,
SAMN41711946,CAIZGX01 sp._LV_34_25. Mbita East_2023,CAIZGX01 sp.,
SAMN41711947,UBA4660 sp._LV_34_25. Mbita East_2023,UBA4660 sp.,
SAMN41711949,NICIL-2 bacterium_LV_34_25. Mbita East_2023,NICIL-2 bacterium,
SAMN41711950,Roseomonas_B sp._LV_34_25. Mbita East_2023,Roseomos sp.,
SAMN41711951,SXXZ01 sp016871615_LV_34_25. Mbita East_2023,SXXZ01 sp016871615,
SAMN41711952,OLB10 bacterium_LV_34_25. Mbita East_2023,OLB10 bacterium,
SAMN41711953,SYAC01 sp._LV_34_25. Mbita East_2023,SYAC01 sp.,
SAMN41711954,UBA5518 sp._LV_34_25. Mbita East_2023,UBA5518 sp.,
SAMN41711955,VGZA01 sp._LV_34_25. Mbita East_2023,VGZA01 sp.,
SAMN41711956,UBA3961 sp._LV_34_25. Mbita East_2023,UBA3961 sp.,
SAMN41711957,RGEC01 sp016872175_LV_34_25. Mbita East_2023,RGEC01 sp016872175,
SAMN41711958,UBA9464 sp016871805_LV_34_25. Mbita East_2023,UBA9464 sp016871805,
SAMN41711960,BACL27 sp._LV_34_25. Mbita East_2023,BACL27 sp.,
SAMN41711961,UBA966 sp016873255_LV_34_25. Mbita East_2023,UBA966 sp016873255,
SAMN41711962,UBA952 sp._LV_34_25. Mbita East_2023,UBA952 sp.,
SAMN41711963,SYFN01 sp._LV_34_25. Mbita East_2023,SYFN01 sp.,
SAMN41711964,HRBIN12 bacterium_LV_34_25. Mbita East_2023,HRBIN12 bacterium,
SAMN41711965,F1-20-MAGs119 sp._LV_34_25. Mbita East_2023,F1-20-MAGs119 sp.,
SAMN41711966,REEB422 sp._LV_34_25. Mbita East_2023,REEB422 sp.,
SAMN41711968,SYFN01 sp016868055_LV_34_25. Mbita East_2023,SYFN01 sp016868055,
SAMN41711969,NIES-981 sp._LV_34_25. Mbita East_2023,NIES-981 sp.,
SAMN41711970,Casp-actino8 sp._LV_34_25. Mbita East_2023,Casp-actino8 sp.,
SAMN41711973,SYHX01 sp._LV_34_25. Mbita East_2023,SYHX01 sp.,
SAMN41711975,BJ22 sp._LV_34_25. Mbita East_2023,BJ22 sp.,
SAMN41711976,UBA4660 sp._LV_34_25. Mbita East_2023_1,UBA4660 sp.,
SAMN41711977,UBA668 sp._LV_34_25. Mbita East_2023,UBA668 sp.,
SAMN41711978,UBA952 sp._LV_34_25. Mbita East_2023_1,UBA952 sp.,
SAMN41711979,SYAR01 sp._LV_34_25. Mbita East_2023,SYAR01 sp.,
SAMN41711980,CAIZGX01 sp._LV_34_25. Mbita East_2023_1,CAIZGX01 sp.,
SAMN41711981,UBA965 sp._LV_35_26. Mbita West_2023,UBA965 sp.,
SAMN41711982,UBA4660 sp._LV_35_26. Mbita West_2023,UBA4660 sp.,
SAMN41711983,Roseomonas_B sp._LV_35_26. Mbita West_2023,Roseomos sp.,
SAMN41711984,ER46 sp._LV_35_26. Mbita West_2023,ER46 sp.,
SAMN41711985,UBA964 sp._LV_35_26. Mbita West_2023,UBA964 sp.,
SAMN41711987,SYHX01 sp._LV_35_26. Mbita West_2023,SYHX01 sp.,
SAMN41711988,UBA953 sp._LV_35_26. Mbita West_2023,UBA953 sp.,
SAMN41711989,BACL27 sp._LV_35_26. Mbita West_2023,BACL27 sp.,
SAMN41711991,F1-60-MAGs149 sp016870485_LV_35_26. Mbita West_2023,F1-60-MAGs149 sp016870485,
SAMN41711992,UBA952 sp._LV_35_26. Mbita West_2023,UBA952 sp.,
SAMN41711993,UBA952 sp016866415_LV_35_26. Mbita West_2023,UBA952 sp016866415,
SAMN41711996,UBA952 sp._LV_35_26. Mbita West_2023_1,UBA952 sp.,
SAMN41711997,UBA952 sp016872115_LV_35_26. Mbita West_2023,UBA952 sp016872115,
SAMN41711998,SYFN01 sp._LV_35_26. Mbita West_2023,SYFN01 sp.,
SAMN41711999,F1-60-MAGs027 sp016870295_LV_35_26. Mbita West_2023,F1-60-MAGs027 sp016870295,
SAMN41712000,UBA952 sp016868915_LV_35_26. Mbita West_2023,UBA952 sp016868915,
SAMN41712001,UBA955 sp016868785_LV_35_26. Mbita West_2023,UBA955 sp016868785,
SAMN41712004,NIES-981 sp._LV_35_26. Mbita West_2023,NIES-981 sp.,
SAMN41712005,JJ008 sp._LV_35_26. Mbita West_2023,JJ008 sp.,
SAMN41712006,KMS-5 sp016869835_LV_35_26. Mbita West_2023,KMS-5 sp016869835,
SAMN41712007,JJ008 sp._LV_35_26. Mbita West_2023_1,JJ008 sp.,
SAMN41712008,CBW1002 sp._LV_35_26. Mbita West_2023,CBW1002 sp.,
SAMN41712009,SYFN01 sp016868055_LV_35_26. Mbita West_2023,SYFN01 sp016868055,
SAMN41712010,UBA3064 sp._LV_35_26. Mbita West_2023,UBA3064 sp.,
SAMN41712011,UBA5018 sp._LV_35_26. Mbita West_2023,UBA5018 sp.,
SAMN41712012,UBA952 sp._LV_35_26. Mbita West_2023_2,UBA952 sp.,
SAMN41712015,UBA952 sp._LV_35_26. Mbita West_2023_3,UBA952 sp.,
SAMN41712016,IMCC26256 sp._LV_35_26. Mbita West_2023,IMCC26256 sp.,
SAMN41712017,CAILUF01 sp._LV_35_26. Mbita West_2023,CAILUF01 sp.,
SAMN41712018,MAG-120802 sp016870835_LV_35_26. Mbita West_2023,MAG-120802 sp016870835,
SAMN41712019,SYAR01 sp._LV_35_26. Mbita West_2023,SYAR01 sp.,
SAMN41712021,UBA952 sp._LV_35_26. Mbita West_2023_4,UBA952 sp.,
SAMN41712022,CAIUCS01 sp903897715_LV_35_26. Mbita West_2023,CAIUCS01 sp903897715,
SAMN41712025,CAIZGX01 sp._LV_35_26. Mbita West_2023,CAIZGX01 sp.,
SAMN41712026,F1-60-MAGs149 sp016870485_LV_36_27. Bridge Island_2023,F1-60-MAGs149 sp016870485,
SAMN41712027,SXXZ01 sp016871615_LV_36_27. Bridge Island_2023,SXXZ01 sp016871615,
SAMN41712028,Roseomonas_B sp._LV_36_27. Bridge Island_2023,Roseomos sp.,
SAMN41712032,Mxb001 sp._LV_36_27. Bridge Island_2023,Mxb001 sp.,
SAMN41712033,F1-60-MAGs140 sp016868485_LV_36_27. Bridge Island_2023,F1-60-MAGs140 sp016868485,
SAMN41712034,BJ22 sp._LV_36_27. Bridge Island_2023,BJ22 sp.,
SAMN41712035,SYHX01 sp._LV_36_27. Bridge Island_2023,SYHX01 sp.,
SAMN41712037,SYIM01 sp016868375_LV_36_27. Bridge Island_2023,SYIM01 sp016868375,
SAMN41712038,UBA964 sp._LV_36_27. Bridge Island_2023,UBA964 sp.,
SAMN41712040,Pseudanabaena sp._LV_36_27. Bridge Island_2023,Pseudabae sp.,
SAMN41712041,REEB421 sp016873225_LV_36_27. Bridge Island_2023,REEB421 sp016873225,
SAMN41712043,UBA961 sp016873735_LV_36_27. Bridge Island_2023,UBA961 sp016873735,
SAMN41712046,CAIUCS01 sp903897715_LV_36_27. Bridge Island_2023,CAIUCS01 sp903897715,
SAMN41712048,F1-60-MAGs027 sp016870295_LV_36_27. Bridge Island_2023,F1-60-MAGs027 sp016870295,
SAMN41712049,NIES-981 sp._LV_36_27. Bridge Island_2023,NIES-981 sp.,
SAMN41712050,UBA5018 sp._LV_36_27. Bridge Island_2023,UBA5018 sp.,
SAMN41712051,SYFN01 sp016868055_LV_36_27. Bridge Island_2023,SYFN01 sp016868055,
SAMN41712054,UBA3064 sp016868095_LV_36_27. Bridge Island_2023,UBA3064 sp016868095,
SAMN41712056,MAG-120802 sp016870795_LV_36_27. Bridge Island_2023,MAG-120802 sp016870795,
SAMN41712057,IMCC26077 sp016870715_LV_36_27. Bridge Island_2023,IMCC26077 sp016870715,
SAMN41712058,MAG-120802 sp._LV_36_27. Bridge Island_2023,MAG-120802 sp.,
SAMN41712059,JJ008 sp016866355_LV_36_27. Bridge Island_2023,JJ008 sp016866355,
SAMN41712062,SXMI01 sp016870275_LV_36_27. Bridge Island_2023,SXMI01 sp016870275,
SAMN41712063,F1-20-MAGs016 sp016872555_LV_36_27. Bridge Island_2023,F1-20-MAGs016 sp016872555,
SAMN41712071,Vampirovibrionales bacterium_LV_36_27. Bridge Island_2023,Vampirovibrioles bacterium,
SAMN41712072,UBA952 sp._LV_36_27. Bridge Island_2023,UBA952 sp.,
SAMN41712074,SYFN01 sp._LV_36_27. Bridge Island_2023,SYFN01 sp.,
SAMN41712075,UBA952 sp._LV_36_27. Bridge Island_2023_1,UBA952 sp.,
SAMN41712076,F1-60-MAGs104 sp._LV_36_27. Bridge Island_2023,F1-60-MAGs104 sp.,
SAMN41712077,Vampirovibrionales bacterium_LV_36_27. Bridge Island_2023_1,Vampirovibrioles bacterium,
SAMN41712078,UBA964 sp._LV_36_27. Bridge Island_2023_1,UBA964 sp.,
SAMN41712079,MAG-120802 sp._LV_36_27. Bridge Island_2023_1,MAG-120802 sp.,
SAMN41712080,UBA953 sp._LV_36_27. Bridge Island_2023,UBA953 sp.,
SAMN41712081,SYAN01 sp016870815_LV_36_27. Bridge Island_2023,SYAN01 sp016870815,
SAMN41712082,LMEP-6097 sp._LV_36_27. Bridge Island_2023,LMEP-6097 sp.,
SAMN41712083,Casp-actino8 sp016871355_LV_36_27. Bridge Island_2023,Casp-actino8 sp016871355,
SAMN41712087,MAG-120802 sp016870795_LV_37_28. Bondo_2023,MAG-120802 sp016870795,
SAMN41712088,Roseomonas_B sp._LV_37_28. Bondo_2023,Roseomos sp.,
SAMN41712089,SYHX01 sp._LV_37_28. Bondo_2023,SYHX01 sp.,
SAMN41712090,F1-20-MAGs119 sp._LV_37_28. Bondo_2023,F1-20-MAGs119 sp.,
SAMN41712091,JACTMZ01 sp._LV_37_28. Bondo_2023,JACTMZ01 sp.,
SAMN41712092,UKL13-2 sp._LV_37_28. Bondo_2023,UKL13-2 sp.,
SAMN41712093,ELB16-189 sp._LV_37_28. Bondo_2023,ELB16-189 sp.,
SAMN41712096,MAG-120802 sp016870855_LV_37_28. Bondo_2023,MAG-120802 sp016870855,
SAMN41712097,QWPN01 sp016872925_LV_37_28. Bondo_2023,QWPN01 sp016872925,
SAMN41712098,UBA3064 sp016868095_LV_37_28. Bondo_2023,UBA3064 sp016868095,
SAMN41712099,NIES-981 sp._LV_37_28. Bondo_2023,NIES-981 sp.,
SAMN41712104,UBA952 sp._LV_37_28. Bondo_2023,UBA952 sp.,
SAMN41712105,UBA964 sp._LV_37_28. Bondo_2023,UBA964 sp.,
SAMN41712107,BACL27 sp._LV_37_28. Bondo_2023,BACL27 sp.,
SAMN41712108,F1-60-MAGs027 sp016870295_LV_37_28. Bondo_2023,F1-60-MAGs027 sp016870295,
SAMN41712109,Roseomonas_B sp._LV_38_29. Yala River Mouth_2023,Roseomos sp.,
SAMN41712110,M3007 sp._LV_38_29. Yala River Mouth_2023,M3007 sp.,
SAMN41712111,ELB16-189 sp._LV_38_29. Yala River Mouth_2023,ELB16-189 sp.,
SAMN41712112,SYHX01 sp._LV_38_29. Yala River Mouth_2023,SYHX01 sp.,
SAMN41712113,BACL27 sp016870935_LV_38_29. Yala River Mouth_2023,BACL27 sp016870935,
SAMN41712114,F1-60-MAGs027 sp016870295_LV_38_29. Yala River Mouth_2023,F1-60-MAGs027 sp016870295,
SAMN41712116,MAG-120802 sp016870855_LV_38_29. Yala River Mouth_2023,MAG-120802 sp016870855,
SAMN41712117,UBA954 sp._LV_38_29. Yala River Mouth_2023,UBA954 sp.,
SAMN41712118,UBA1268 bacterium_LV_38_29. Yala River Mouth_2023,UBA1268 bacterium,
SAMN41712119,JAAFIP01 sp._LV_38_29. Yala River Mouth_2023,JAAFIP01 sp.,
SAMN41712120,NIES-981 sp._LV_38_29. Yala River Mouth_2023,NIES-981 sp.,
SAMN41712122,UKL13-2 sp._LV_38_29. Yala River Mouth_2023,UKL13-2 sp.,
SAMN41712125,UBA961 sp009919265_LV_38_29. Yala River Mouth_2023,UBA961 sp009919265,
SAMN41712126,SYHX01 sp._LV_38_29. Yala River Mouth_2023_1,SYHX01 sp.,
SAMN41712128,MAG-120802 sp016870795_LV_38_29. Yala River Mouth_2023,MAG-120802 sp016870795,
SAMN41712129,F1-120-MAGs118 sp._LV_39_30. Rosinga Channel_2023,F1-120-MAGs118 sp.,
SAMN41712130,SYGM01 sp._LV_39_30. Rosinga Channel_2023,SYGM01 sp.,
SAMN41712131,CAIRTT01 sp._LV_39_30. Rosinga Channel_2023,CAIRTT01 sp.,
SAMN41712132,Polaromonas sp016868205_LV_39_30. Rosinga Channel_2023,Polaromos sp.,
SAMN41712133,UBA952 sp._LV_39_30. Rosinga Channel_2023,UBA952 sp.,
SAMN41712135,ELB16-189 sp._LV_39_30. Rosinga Channel_2023,ELB16-189 sp.,
SAMN41712136,Roseomonas_B sp._LV_39_30. Rosinga Channel_2023,Roseomos sp.,
SAMN41712138,UBA4660 sp._LV_39_30. Rosinga Channel_2023,UBA4660 sp.,
SAMN41712139,QWQI01 sp._LV_39_30. Rosinga Channel_2023,QWQI01 sp.,
SAMN41712140,F1-60-MAGs149 sp016870485_LV_39_30. Rosinga Channel_2023,F1-60-MAGs149 sp016870485,
SAMN41712141,UBA5518 sp._LV_39_30. Rosinga Channel_2023,UBA5518 sp.,
SAMN41712142,QWPT01 sp._LV_39_30. Rosinga Channel_2023,QWPT01 sp.,
SAMN41712144,BACL27 sp._LV_39_30. Rosinga Channel_2023,BACL27 sp.,
SAMN41712145,UBA3064 sp016868175_LV_39_30. Rosinga Channel_2023,UBA3064 sp016868175,
SAMN41712147,UBA2093 sp._LV_39_30. Rosinga Channel_2023,UBA2093 sp.,
SAMN41712148,CADEFY01 sp._LV_39_30. Rosinga Channel_2023,CADEFY01 sp.,
SAMN41712149,QWPN01 sp._LV_39_30. Rosinga Channel_2023,QWPN01 sp.,
SAMN41712150,UBA953 sp._LV_39_30. Rosinga Channel_2023,UBA953 sp.,
SAMN41712152,NIES-981 sp._LV_39_30. Rosinga Channel_2023,NIES-981 sp.,
SAMN41712153,UBA4660 sp._LV_39_30. Rosinga Channel_2023_1,UBA4660 sp.,
SAMN41712154,SYFN01 sp016868055_LV_39_30. Rosinga Channel_2023,SYFN01 sp016868055,
SAMN41712155,CAINVI01 sp._LV_39_30. Rosinga Channel_2023,CAINVI01 sp.,
SAMN41712156,SXYR01 sp016868895_LV_39_30. Rosinga Channel_2023,SXYR01 sp016868895,
SAMN41712157,PALSA-610 bacterium_LV_39_30. Rosinga Channel_2023,PALSA-610 bacterium,
SAMN41712158,UBA9464 sp016871805_LV_39_30. Rosinga Channel_2023,UBA9464 sp016871805,
SAMN41712159,IMCC26256 sp._LV_39_30. Rosinga Channel_2023,IMCC26256 sp.,
SAMN41712160,CAIQIA01 sp._LV_39_30. Rosinga Channel_2023,CAIQIA01 sp.,
SAMN41712161,QWOP01 sp903885855_LV_39_30. Rosinga Channel_2023,QWOP01 sp903885855,
SAMN41712164,OLB10 bacterium_LV_39_30. Rosinga Channel_2023,OLB10 bacterium,
SAMN41712166,QWPN01 sp016872925_LV_39_30. Rosinga Channel_2023,QWPN01 sp016872925,
SAMN41712167,QWPN01 sp._LV_39_30. Rosinga Channel_2023_1,QWPN01 sp.,
SAMN41712168,CAILQO01 sp903836285_LV_39_30. Rosinga Channel_2023,CAILQO01 sp903836285,
SAMN41712169,CAIRTT01 sp._LV_39_30. Rosinga Channel_2023_1,CAIRTT01 sp.,
SAMN41712171,UBA961 sp009919265_LV_39_30. Rosinga Channel_2023,UBA961 sp009919265,
SAMN41712173,SLCJ01 bacterium_LV_39_30. Rosinga Channel_2023,SLCJ01 bacterium,
SAMN41712174,REEB422 sp._LV_39_30. Rosinga Channel_2023,REEB422 sp.,
SAMN41712176,UBA953 sp._LV_39_30. Rosinga Channel_2023_1,UBA953 sp.,
SAMN41712178,SYHX01 sp._LV_39_30. Rosinga Channel_2023,SYHX01 sp.,
SAMN41712179,BJ22 sp._LV_39_30. Rosinga Channel_2023,BJ22 sp.,
SAMN41712180,M3007 sp._LV_40_31. South Rosinga_2023,M3007 sp.,
SAMN41712181,Mxb001 sp._LV_40_31. South Rosinga_2023,Mxb001 sp.,
SAMN41712182,ELB16-189 sp._LV_40_31. South Rosinga_2023,ELB16-189 sp.,
SAMN41712183,SXXK01 sp._LV_40_31. South Rosinga_2023,SXXK01 sp.,
SAMN41712184,REEB421 sp016873225_LV_40_31. South Rosinga_2023,REEB421 sp016873225,
SAMN41712185,ATZT02 sp._LV_40_31. South Rosinga_2023,ATZT02 sp.,
SAMN41712187,REEB426 sp._LV_40_31. South Rosinga_2023,REEB426 sp.,
SAMN41712188,UBA7803 sp._LV_40_31. South Rosinga_2023,UBA7803 sp.,
SAMN41712189,F1-20-MAGs119 sp._LV_40_31. South Rosinga_2023,F1-20-MAGs119 sp.,
SAMN41712190,UBA10511 sp._LV_40_31. South Rosinga_2023,UBA10511 sp.,
SAMN41712192,UBA9464 bacterium_LV_40_31. South Rosinga_2023,UBA9464 bacterium,
SAMN41712193,QWQI01 sp._LV_40_31. South Rosinga_2023,QWQI01 sp.,
SAMN41712194,QWPN01 sp._LV_40_31. South Rosinga_2023,QWPN01 sp.,
SAMN41712195,UBA4660 sp._LV_40_31. South Rosinga_2023,UBA4660 sp.,
SAMN41712196,BJGN01 sp._LV_40_31. South Rosinga_2023,BJGN01 sp.,
SAMN41712197,OLB10 bacterium_LV_40_31. South Rosinga_2023,OLB10 bacterium,
SAMN41712198,CAJANQ01 sp._LV_40_31. South Rosinga_2023,CAJANQ01 sp.,
SAMN41712199,F1-60-MAGs027 sp016870295_LV_40_31. South Rosinga_2023,F1-60-MAGs027 sp016870295,
SAMN41712200,JAGOSH01 sp._LV_40_31. South Rosinga_2023,JAGOSH01 sp.,
SAMN41712201,CAJANQ01 sp._LV_40_31. South Rosinga_2023_1,CAJANQ01 sp.,
SAMN41712202,UBA969 sp005786805_LV_40_31. South Rosinga_2023,UBA969 sp005786805,
SAMN41712203,SM1A02 bacterium_LV_40_31. South Rosinga_2023,SM1A02 bacterium,
SAMN41712204,QWOP01 sp903885855_LV_40_31. South Rosinga_2023,QWOP01 sp903885855,
SAMN41712205,Casp-actino8 sp._LV_40_31. South Rosinga_2023,Casp-actino8 sp.,
SAMN41712206,CAIOHZ01 sp._LV_40_31. South Rosinga_2023,CAIOHZ01 sp.,
SAMN41712207,UBA3006 sp._LV_40_31. South Rosinga_2023,UBA3006 sp.,
SAMN41712208,QWPN01 sp._LV_40_31. South Rosinga_2023_1,QWPN01 sp.,
SAMN41712210,IMCC26256 sp._LV_40_31. South Rosinga_2023,IMCC26256 sp.,
SAMN41712211,F1-60-MAGs027 sp._LV_40_31. South Rosinga_2023,F1-60-MAGs027 sp.,
SAMN41712212,VGZA01 sp._LV_40_31. South Rosinga_2023,VGZA01 sp.,
SAMN41712213,SM1A02 bacterium_LV_40_31. South Rosinga_2023_1,SM1A02 bacterium,
SAMN41712214,RGVT01 sp._LV_40_31. South Rosinga_2023,RGVT01 sp.,
SAMN41712215,OLB10 bacterium_LV_40_31. South Rosinga_2023_1,OLB10 bacterium,
SAMN41712217,UBA961 sp._LV_40_31. South Rosinga_2023,UBA961 sp.,
SAMN41712218,SYHX01 sp._LV_40_31. South Rosinga_2023,SYHX01 sp.,
SAMN41712219,SXXK01 sp._LV_40_31. South Rosinga_2023_1,SXXK01 sp.,
SAMN41712221,QWPN01 sp._LV_40_31. South Rosinga_2023_2,QWPN01 sp.,
SAMN41712222,SXXK01 sp._LV_40_31. South Rosinga_2023_2,SXXK01 sp.,
SAMN41712223,SYAR01 sp._LV_40_31. South Rosinga_2023,SYAR01 sp.,
SAMN41712224,GCA-002722245 bacterium_LV_40_31. South Rosinga_2023,GCA-002722245 bacterium,
SAMN41712227,RFPI01 sp009926205_NR_1_12. Nyando River_2023,RFPI01 sp009926205,
SAMN41712228,Rhodoluna sp._NR_1_12. Nyando River_2023,Rhodolu sp.,
SAMN41712229,TMED14 sp._NR_1_12. Nyando River_2023,TMED14 sp.,
SAMN41712231,Arenimonas sp._NR_1_12. Nyando River_2023,Arenimos sp.,
SAMN41712232,NBD-18 sp._NR_1_12. Nyando River_2023,NBD-18 sp.,
SAMN41712234,Rhodoluna sp._NR_1_12. Nyando River_2023_1,Rhodolu sp.,
SAMN41712235,Rhodoluna sp._NR_1_12. Nyando River_2023_2,Rhodolu sp.,
SAMN41712236,UBA952 sp._NR_1_12. Nyando River_2023,UBA952 sp.,
SAMN41712237,UBA952 sp._NR_1_12. Nyando River_2023_1,UBA952 sp.,
SAMN41712241,MWH-TA3 sp._NR_1_12. Nyando River_2023,MWH-TA3 sp.,
SAMN41712242,UBA955 bacterium_NR_1_12. Nyando River_2023,UBA955 bacterium,
SAMN41712243,Rhodoluna sp._NR_1_12. Nyando River_2023_3,Rhodolu sp.,
SAMN41712246,MWH-TA3 sp._NR_1_12. Nyando River_2023_1,MWH-TA3 sp.,
SAMN41712247,UBA955 sp016868785_NR_1_12. Nyando River_2023,UBA955 sp016868785,
SAMN41712250,TMED14 sp016868755_NR_1_12. Nyando River_2023,TMED14 sp016868755,
SAMN41712252,UBA952 sp._NR_1_12. Nyando River_2023_2,UBA952 sp.,
SAMN41712256,Rhodoluna sp._SRB_1_13. Sondu River Bride_2023,Rhodolu sp.,
SAMN41712258,Rhodoluna sp._SRB_1_13. Sondu River Bride_2023_1,Rhodolu sp.,
SAMN41712259,Rhodoluna sp._SRB_1_13. Sondu River Bride_2023_2,Rhodolu sp.,
SAMN41712262,CAINEC01 sp._SRB_1_13. Sondu River Bride_2023,CAINEC01 sp.,
SAMN41712265,CAIWHF01 sp._SRB_1_13. Sondu River Bride_2023,CAIWHF01 sp.,
SAMN41712266,UBA952 sp._SRB_1_13. Sondu River Bride_2023,UBA952 sp.,
SAMN41712271,Rhodoluna sp._SRS_1_14. Sondu River Shore_2023,Rhodolu sp.,
SAMN41712279,Rhodoluna sp._KR_1_16. Kibuon River_2023,Rhodolu sp.,
SAMN41712280,Rhodoluna sp._KR_1_16. Kibuon River_2023_1,Rhodolu sp.,
SAMN41712281,Rhodoluna sp._KR_1_16. Kibuon River_2023_2,Rhodolu sp.,
SAMN41712291,Rhodoluna sp._KR_1_16. Kibuon River_2023_3,Rhodolu sp.,