"","accession","sample_name","organism","corrected.organism","sample_name_ncbi"
"1","SAMN41711506","BACL27 sp._LV_1_7. Asembo Bay_2022","BACL27 sp.",NA,"Acidimicrobiaceae bacterium"
"2","SAMN41711507","UBA2093 sp._LV_1_7. Asembo Bay_2022","UBA2093 sp.",NA,"Actinomycetota bacterium"
"3","SAMN41711508","UBA1268 bacterium_LV_1_7. Asembo Bay_2022","UBA1268 bacterium",NA,"Planctomycetia bacterium"
"4","SAMN41711509","UBA966 sp._LV_1_7. Asembo Bay_2022","UBA966 sp.",NA,"Phycisphaerales bacterium"
"5","SAMN41711512","UBA953 sp._LV_1_7. Asembo Bay_2022","UBA953 sp.",NA,"Verrucomicrobiota bacterium"
"6","SAMN41711513","UBA3006 sp._LV_1_7. Asembo Bay_2022","UBA3006 sp.",NA,"Actinomycetota bacterium"
"7","SAMN41711514","F1-60-MAGs163 sp._LV_1_7. Asembo Bay_2022","F1-60-MAGs163 sp.",NA,"Solirubrobacterales bacterium"
"8","SAMN41711515","BACL27 sp016870935_LV_1_7. Asembo Bay_2022","BACL27 sp016870935",NA,"Actinomycetota bacterium"
"9","SAMN41711517","F1-60-MAGs163 sp._LV_2_7. Asembo Bay_2022","F1-60-MAGs163 sp.",NA,"Solirubrobacterales bacterium"
"10","SAMN41711518","BACL27 sp._LV_2_7. Asembo Bay_2022","BACL27 sp.",NA,"Acidimicrobiaceae bacterium"
"11","SAMN41711519","UBA953 sp._LV_2_7. Asembo Bay_2022","UBA953 sp.",NA,"Verrucomicrobiota bacterium"
"12","SAMN41711520","F1-60-MAGs149 sp016870485_LV_2_7. Asembo Bay_2022","F1-60-MAGs149 sp016870485",NA,"Actinomycetota bacterium"
"13","SAMN41711521","UBA2093 sp._LV_2_7. Asembo Bay_2022","UBA2093 sp.",NA,"Actinomycetota bacterium"
"14","SAMN41711522","UBA966 sp._LV_2_7. Asembo Bay_2022","UBA966 sp.",NA,"Phycisphaerales bacterium"
"15","SAMN41711526","UBA3006 sp._LV_2_7. Asembo Bay_2022","UBA3006 sp.",NA,"Actinomycetota bacterium"
"16","SAMN41711527","UBA966 sp._LV_3_8. Ndere Island_2022","UBA966 sp.",NA,"Phycisphaerales bacterium"
"17","SAMN41711528","NIES-981 sp._LV_3_8. Ndere Island_2022","NIES-981 sp.",NA,"Cyanobium sp."
"18","SAMN41711529","VGZA01 sp._LV_3_8. Ndere Island_2022","VGZA01 sp.",NA,"Planctomycetota bacterium"
"19","SAMN41711530","F1-60-MAGs163 sp._LV_3_8. Ndere Island_2022","F1-60-MAGs163 sp.",NA,"Solirubrobacterales bacterium"
"20","SAMN41711531","67-14 sp._LV_3_8. Ndere Island_2022","67-14 sp.",NA,"Solirubrobacterales bacterium"
"21","SAMN41711532","ATZT02 sp._LV_3_8. Ndere Island_2022","ATZT02 sp.",NA,"Actinomycetes bacterium"
"22","SAMN41711533","SYHX01 sp._LV_3_8. Ndere Island_2022","SYHX01 sp.",NA,"Bacteroidota bacterium"
"23","SAMN41711534","BACL27 sp._LV_3_8. Ndere Island_2022","BACL27 sp.",NA,"Acidimicrobiaceae bacterium"
"24","SAMN41711535","MAG-120802 sp016870835_LV_3_8. Ndere Island_2022","MAG-120802 sp016870835",NA,"Actinomycetota bacterium"
"25","SAMN41711538","MAG-120802 sp._LV_3_8. Ndere Island_2022","MAG-120802 sp.",NA,"Actinomycetota bacterium"
"26","SAMN41711539","ER46 sp._LV_4_8. Ndere Island_2022","ER46 sp.",NA,"Verrucomicrobiota bacterium"
"27","SAMN41711540","UBA2093 sp._LV_4_8. Ndere Island_2022","UBA2093 sp.",NA,"Actinomycetota bacterium"
"28","SAMN41711541","CADCWF01 sp._LV_4_8. Ndere Island_2022","CADCWF01 sp.",NA,"Chloroflexota bacterium"
"29","SAMN41711543","VGZA01 sp._LV_4_8. Ndere Island_2022","VGZA01 sp.",NA,"Planctomycetota bacterium"
"30","SAMN41711544","ELB16-189 sp._LV_4_8. Ndere Island_2022","ELB16-189 sp.",NA,"Bacteroidota bacterium"
"31","SAMN41711546","ATZT02 sp._LV_4_8. Ndere Island_2022","ATZT02 sp.",NA,"Actinomycetes bacterium"
"32","SAMN41711547","SYHX01 sp._LV_4_8. Ndere Island_2022","SYHX01 sp.",NA,"Bacteroidota bacterium"
"33","SAMN41711548","67-14 sp._LV_4_8. Ndere Island_2022","67-14 sp.",NA,"Solirubrobacterales bacterium"
"34","SAMN41711550","JAFMJV01 sp._LV_4_8. Ndere Island_2022","JAFMJV01 sp.",NA,"Chloroflexota bacterium"
"35","SAMN41711551","UBA966 sp._LV_4_8. Ndere Island_2022","UBA966 sp.",NA,"Phycisphaerales bacterium"
"36","SAMN41711552","CAIUKV01 sp016870595_LV_4_8. Ndere Island_2022","CAIUKV01 sp016870595",NA,"Actinomycetota bacterium"
"37","SAMN41711553","Mxb001 sp._LV_4_8. Ndere Island_2022","Mxb001 sp.",NA,"Unknown NA"
"38","SAMN41711554","BACL27 sp._LV_4_8. Ndere Island_2022","BACL27 sp.",NA,"Acidimicrobiaceae bacterium"
"39","SAMN41711556","BACL27 sp._LV_4_8. Ndere Island_2022_1","BACL27 sp.",NA,"Acidimicrobiia bacterium"
"40","SAMN41711557","QWPN01 sp._LV_4_8. Ndere Island_2022","QWPN01 sp.",NA,"Planctomycetaceae bacterium"
"41","SAMN41711558","SYFI01 sp._LV_4_8. Ndere Island_2022","SYFI01 sp.",NA,"Actinomycetota bacterium"
"42","SAMN41711559","CAINEC01 sp._LV_5_9. Mid Gulf_2022","CAINEC01 sp.",NA,"Bacteroidota bacterium"
"43","SAMN41711560","ER46 sp._LV_5_9. Mid Gulf_2022","ER46 sp.",NA,"Opitutaceae bacterium"
"44","SAMN41711561","CAIUSP01 sp._LV_5_9. Mid Gulf_2022","CAIUSP01 sp.",NA,"Unknown NA"
"45","SAMN41711563","67-14 sp._LV_5_9. Mid Gulf_2022","67-14 sp.",NA,"Solirubrobacterales bacterium"
"46","SAMN41711564","CAINVI01 sp._LV_5_9. Mid Gulf_2022","CAINVI01 sp.",NA,"Bacteroidota bacterium"
"47","SAMN41711567","UBA3064 sp016868095_LV_5_9. Mid Gulf_2022","UBA3064 sp016868095",NA,"Betaproteobacteria bacterium"
"48","SAMN41711568","PNKF01 sp016871915_LV_5_9. Mid Gulf_2022","PNKF01 sp016871915",NA,"Gemmatimonadota bacterium"
"49","SAMN41711569","ER46 sp._LV_6_9. Mid Gulf_2022","ER46 sp.",NA,"Opitutaceae bacterium"
"50","SAMN41711570","CAINEC01 sp._LV_6_9. Mid Gulf_2022","CAINEC01 sp.",NA,"Bacteroidota bacterium"
"51","SAMN41711571","UBA4660 sp._LV_6_9. Mid Gulf_2022","UBA4660 sp.",NA,"Flavobacteriales bacterium"
"52","SAMN41711572","67-14 sp._LV_6_9. Mid Gulf_2022","67-14 sp.",NA,"Solirubrobacterales bacterium"
"53","SAMN41711573","CAINVI01 sp._LV_6_9. Mid Gulf_2022","CAINVI01 sp.",NA,"Bacteroidota bacterium"
"54","SAMN41711574","UBA953 sp._LV_6_9. Mid Gulf_2022","UBA953 sp.",NA,"Opitutae bacterium"
"55","SAMN41711575","QWPN01 sp016872925_LV_6_9. Mid Gulf_2022","QWPN01 sp016872925",NA,"Planctomycetota bacterium"
"56","SAMN41711576","QWPN01 sp._LV_6_9. Mid Gulf_2022","QWPN01 sp.",NA,"Planctomycetaceae bacterium"
"57","SAMN41711577","UBA953 sp._LV_6_9. Mid Gulf_2022_1","UBA953 sp.",NA,"Verrucomicrobiota bacterium"
"58","SAMN41711578","F1-60-MAGs163 sp._LV_6_9. Mid Gulf_2022","F1-60-MAGs163 sp.",NA,"Solirubrobacterales bacterium"
"59","SAMN41711579","F1-60-MAGs027 sp016870295_LV_6_9. Mid Gulf_2022","F1-60-MAGs027 sp016870295",NA,"Actinomycetota bacterium"
"60","SAMN41711581","Mxb001 sp._LV_6_9. Mid Gulf_2022","Mxb001 sp.",NA,"Actinomycetota bacterium"
"61","SAMN41711582","BACL27 sp._LV_6_9. Mid Gulf_2022","BACL27 sp.",NA,"Acidimicrobiaceae bacterium"
"62","SAMN41711583","Casp-actino8 sp._LV_6_9. Mid Gulf_2022","Casp-actino8 sp.",NA,"Actinomycetota bacterium"
"63","SAMN41711584","OLB10 bacterium_LV_7_5. Mbita East_2022","OLB10 bacterium",NA,"Bacteroidota bacterium"
"64","SAMN41711585","SYHX01 sp._LV_7_5. Mbita East_2022","SYHX01 sp.",NA,"Bacteroidota bacterium"
"65","SAMN41711586","CAIOSQ01 sp._LV_7_5. Mbita East_2022","CAIOSQ01 sp.",NA,"Alphaproteobacteria bacterium"
"66","SAMN41711587","UBA955 sp016868785_LV_7_5. Mbita East_2022","UBA955 sp016868785",NA,"Bacteroidota bacterium"
"67","SAMN41711588","JAEUHO01 bacterium_LV_7_5. Mbita East_2022","JAEUHO01 bacterium",NA,"Planctomycetia bacterium"
"68","SAMN41711589","PALSA-610 bacterium_LV_7_5. Mbita East_2022","PALSA-610 bacterium",NA,"Actinomycetota bacterium"
"69","SAMN41711590","UBA952 sp016872115_LV_7_5. Mbita East_2022","UBA952 sp016872115",NA,"Sphingomonadales bacterium"
"70","SAMN41711592","HRBIN12 bacterium_LV_7_5. Mbita East_2022","HRBIN12 bacterium",NA,"Actinomycetota bacterium"
"71","SAMN41711593","QWPN01 sp._LV_7_5. Mbita East_2022","QWPN01 sp.",NA,"Planctomycetaceae bacterium"
"72","SAMN41711594","F1-60-MAGs027 sp016870295_LV_7_5. Mbita East_2022","F1-60-MAGs027 sp016870295",NA,"Actinomycetota bacterium"
"73","SAMN41711596","BACL27 sp._LV_7_5. Mbita East_2022","BACL27 sp.",NA,"Acidimicrobiaceae bacterium"
"74","SAMN41711597","MAG-120802 sp016870835_LV_7_5. Mbita East_2022","MAG-120802 sp016870835",NA,"Actinomycetota bacterium"
"75","SAMN41711598","BACL27 sp016870935_LV_7_5. Mbita East_2022","BACL27 sp016870935",NA,"Actinomycetota bacterium"
"76","SAMN41711599","UBA12189 sp003530835_LV_7_5. Mbita East_2022","UBA12189 sp003530835",NA,"Holophagaceae bacterium"
"77","SAMN41711600","QWPN01 sp._LV_7_5. Mbita East_2022_1","QWPN01 sp.",NA,"Planctomycetia bacterium"
"78","SAMN41711601","MAG-120802 sp016870855_LV_7_5. Mbita East_2022","MAG-120802 sp016870855",NA,"Actinomycetota bacterium"
"79","SAMN41711602","UBA967 sp._LV_8_5. Mbita East_2022","UBA967 sp.",NA,"Spartobacteria bacterium"
"80","SAMN41711603","SYHX01 sp._LV_8_5. Mbita East_2022","SYHX01 sp.",NA,"Bacteroidota bacterium"
"81","SAMN41711604","HRBIN12 bacterium_LV_8_5. Mbita East_2022","HRBIN12 bacterium",NA,"Actinomycetota bacterium"
"82","SAMN41711606","F1-60-MAGs027 sp016870295_LV_8_5. Mbita East_2022","F1-60-MAGs027 sp016870295",NA,"Actinomycetota bacterium"
"83","SAMN41711607","Casp-actino8 sp._LV_8_5. Mbita East_2022","Casp-actino8 sp.",NA,"Actinomycetota bacterium"
"84","SAMN41711608","BACL27 sp._LV_8_5. Mbita East_2022","BACL27 sp.",NA,"Acidimicrobiaceae bacterium"
"85","SAMN41711610","RFTU01 sp._LV_8_5. Mbita East_2022","RFTU01 sp.",NA,"Betaproteobacteria bacterium"
"86","SAMN41711611","Rhodoluna sp._LV_8_5. Mbita East_2022","Rhodolu sp.",NA,"Rhodoluna sp."
"87","SAMN41711613","MAG-120802 sp016870855_LV_8_5. Mbita East_2022","MAG-120802 sp016870855",NA,"Actinomycetota bacterium"
"88","SAMN41711614","ZLKRG08 sp._LV_8_5. Mbita East_2022","ZLKRG08 sp.",NA,"Candidatus Nanopelagicaceae bacterium"
"89","SAMN41711615","PBB1 sp._LV_9_5. Mbita East_2022","PBB1 sp.",NA,"Burkholderiales bacterium"
"90","SAMN41711617","F1-60-MAGs027 sp016870295_LV_9_5. Mbita East_2022","F1-60-MAGs027 sp016870295",NA,"Actinomycetota bacterium"
"91","SAMN41711618","BACL27 sp016870935_LV_10_5. Mbita East_2022","BACL27 sp016870935",NA,"Actinomycetota bacterium"
"92","SAMN41711619","BACL27 sp._LV_11_1. Homa Bay_2022","BACL27 sp.",NA,"Acidimicrobiaceae bacterium"
"93","SAMN41711621","UBA966 sp._LV_12_1. Homa Bay_2022","UBA966 sp.",NA,"Phycisphaerales bacterium"
"94","SAMN41711622","MAG-120802 sp._LV_12_1. Homa Bay_2022","MAG-120802 sp.",NA,"Actinomycetota bacterium"
"95","SAMN41711623","ELB16-189 sp._LV_12_1. Homa Bay_2022","ELB16-189 sp.",NA,"Cytophagales bacterium"
"96","SAMN41711624","JACTMZ01 sp._LV_13_4. Soklo_2022","JACTMZ01 sp.",NA,"Chthoniobacterales bacterium"
"97","SAMN41711625","SXXZ01 sp._LV_13_4. Soklo_2022","SXXZ01 sp.",NA,"Verrucomicrobiota bacterium"
"98","SAMN41711626","ELB16-189 sp._LV_13_4. Soklo_2022","ELB16-189 sp.",NA,"Flammeovirgaceae bacterium"
"99","SAMN41711628","UBA6894 sp._LV_13_4. Soklo_2022","UBA6894 sp.",NA,"Gemmataceae bacterium"
"100","SAMN41711629","UBA953 sp._LV_13_4. Soklo_2022","UBA953 sp.",NA,"Verrucomicrobiota bacterium"
"101","SAMN41711631","OLB10 bacterium_LV_13_4. Soklo_2022","OLB10 bacterium",NA,"Bacteroidota bacterium"
"102","SAMN41711632","REEB460 sp._LV_13_4. Soklo_2022","REEB460 sp.",NA,"Actinomycetales bacterium"
"103","SAMN41711634","PNKF01 sp016871915_LV_13_4. Soklo_2022","PNKF01 sp016871915",NA,"Gemmatimonadota bacterium"
"104","SAMN41711635","SYAN01 sp._LV_13_4. Soklo_2022","SYAN01 sp.",NA,"Actinomycetota bacterium"
"105","SAMN41711636","Casp-actino8 sp._LV_13_4. Soklo_2022","Casp-actino8 sp.",NA,"Actinomycetota bacterium"
"106","SAMN41711637","RGVT01 sp._LV_13_4. Soklo_2022","RGVT01 sp.",NA,"Planctomycetia bacterium"
"107","SAMN41711638","SYHX01 sp._LV_13_4. Soklo_2022","SYHX01 sp.",NA,"Bacteroidota bacterium"
"108","SAMN41711639","ELB16-189 sp._LV_13_4. Soklo_2022_1","ELB16-189 sp.",NA,"Cytophagales bacterium"
"109","SAMN41711640","BACL27 sp016870935_LV_13_4. Soklo_2022","BACL27 sp016870935",NA,"Actinomycetota bacterium"
"110","SAMN41711642","MAG-120802 sp016870855_LV_13_4. Soklo_2022","MAG-120802 sp016870855",NA,"Actinomycetota bacterium"
"111","SAMN41711643","MAG-120802 sp._LV_13_4. Soklo_2022","MAG-120802 sp.",NA,"Actinomycetota bacterium"
"112","SAMN41711644","67-14 sp._LV_13_4. Soklo_2022","67-14 sp.",NA,"Solirubrobacterales bacterium"
"113","SAMN41711645","UBA967 sp._LV_13_4. Soklo_2022","UBA967 sp.",NA,"Spartobacteria bacterium"
"114","SAMN41711646","F1-20-MAGs160 sp._LV_13_4. Soklo_2022","F1-20-MAGs160 sp.",NA,"Acidimicrobiia bacterium"
"115","SAMN41711647","UBA2093 sp._LV_13_4. Soklo_2022","UBA2093 sp.",NA,"Actinomycetota bacterium"
"116","SAMN41711649","F1-60-MAGs163 sp._LV_13_4. Soklo_2022","F1-60-MAGs163 sp.",NA,"Solirubrobacterales bacterium"
"117","SAMN41711650","UBA961 sp._LV_13_4. Soklo_2022","UBA961 sp.",NA,"Unknown NA"
"118","SAMN41711651","Casp-actino8 sp._LV_13_4. Soklo_2022_1","Casp-actino8 sp.",NA,"Actinomycetota bacterium"
"119","SAMN41711652","SYFI01 sp._LV_13_4. Soklo_2022","SYFI01 sp.",NA,"Actinomycetota bacterium"
"120","SAMN41711653","UBA964 sp016874175_LV_13_4. Soklo_2022","UBA964 sp016874175",NA,"Gammaproteobacteria bacterium"
"121","SAMN41711654","UBA3064 sp016868095_LV_13_4. Soklo_2022","UBA3064 sp016868095",NA,"Betaproteobacteria bacterium"
"122","SAMN41711655","UBA3006 sp._LV_13_4. Soklo_2022","UBA3006 sp.",NA,"Ilumatobacteraceae bacterium"
"123","SAMN41711656","JJ008 sp._LV_13_4. Soklo_2022","JJ008 sp.",NA,"Sphingomonadales bacterium"
"124","SAMN41711657","OLB14 sp._LV_13_4. Soklo_2022","OLB14 sp.",NA,"Anaerolineae bacterium"
"125","SAMN41711658","UBA2093 sp._LV_13_4. Soklo_2022_1","UBA2093 sp.",NA,"Actinomycetota bacterium"
"126","SAMN41711659","RFPI01 sp009926205_LV_13_4. Soklo_2022","RFPI01 sp009926205",NA,"Methylophilaceae bacterium"
"127","SAMN41711661","UBA3006 sp._LV_14_4. Soklo_2022","UBA3006 sp.",NA,"Actinomycetes bacterium"
"128","SAMN41711662","JACTMZ01 sp._LV_14_4. Soklo_2022","JACTMZ01 sp.",NA,"Chthoniobacterales bacterium"
"129","SAMN41711663","UBA966 sp._LV_14_4. Soklo_2022","UBA966 sp.",NA,"Phycisphaerales bacterium"
"130","SAMN41711665","SYHX01 sp._LV_14_4. Soklo_2022","SYHX01 sp.",NA,"Bacteroidota bacterium"
"131","SAMN41711668","67-14 sp._LV_14_4. Soklo_2022","67-14 sp.",NA,"Solirubrobacterales bacterium"
"132","SAMN41711669","F1-60-MAGs163 sp._LV_14_4. Soklo_2022","F1-60-MAGs163 sp.",NA,"Solirubrobacterales bacterium"
"133","SAMN41711670","RFTU01 sp._LV_14_4. Soklo_2022","RFTU01 sp.",NA,"Betaproteobacteria bacterium"
"134","SAMN41711673","MAG-120802 sp016870855_LV_14_4. Soklo_2022","MAG-120802 sp016870855",NA,"Actinomycetota bacterium"
"135","SAMN41711674","UBA2093 sp._LV_14_4. Soklo_2022","UBA2093 sp.",NA,"Acidimicrobiales bacterium"
"136","SAMN41711675","BACL27 sp016870935_LV_14_4. Soklo_2022","BACL27 sp016870935",NA,"Actinomycetota bacterium"
"137","SAMN41711676","MAG-120802 sp._LV_14_4. Soklo_2022","MAG-120802 sp.",NA,"Actinomycetota bacterium"
"138","SAMN41711677","UBA3006 sp._LV_14_4. Soklo_2022_1","UBA3006 sp.",NA,"Actinomycetota bacterium"
"139","SAMN41711678","RFPI01 sp009926205_LV_14_4. Soklo_2022","RFPI01 sp009926205",NA,"Methylophilaceae bacterium"
"140","SAMN41711679","PNKF01 sp016871915_LV_15_2. Homa Bay Pier_2022","PNKF01 sp016871915",NA,"Gemmatimonadota bacterium"
"141","SAMN41711680","UBA1268 bacterium_LV_15_2. Homa Bay Pier_2022","UBA1268 bacterium",NA,"Planctomycetia bacterium"
"142","SAMN41711681","Mxb001 sp._LV_15_2. Homa Bay Pier_2022","Mxb001 sp.",NA,"Actinomycetota bacterium"
"143","SAMN41711682","UBA966 sp._LV_15_2. Homa Bay Pier_2022","UBA966 sp.",NA,"Phycisphaerales bacterium"
"144","SAMN41711685","UBA10438 sp._LV_15_2. Homa Bay Pier_2022","UBA10438 sp.",NA,"Candidatus Kapabacteria bacterium"
"145","SAMN41711689","SXXK01 sp._LV_15_2. Homa Bay Pier_2022","SXXK01 sp.",NA,"Planctomycetaceae bacterium"
"146","SAMN41711690","UBA967 sp._LV_16_2. Homa Bay Pier_2022","UBA967 sp.",NA,"Spartobacteria bacterium"
"147","SAMN41711691","ELB16-189 sp._LV_16_2. Homa Bay Pier_2022","ELB16-189 sp.",NA,"Cytophagales bacterium"
"148","SAMN41711692","BACL27 sp._LV_16_2. Homa Bay Pier_2022","BACL27 sp.",NA,"Acidimicrobiaceae bacterium"
"149","SAMN41711693","F1-60-MAGs027 sp016870295_LV_16_2. Homa Bay Pier_2022","F1-60-MAGs027 sp016870295",NA,"Actinomycetota bacterium"
"150","SAMN41711694","RFTU01 sp._LV_16_2. Homa Bay Pier_2022","RFTU01 sp.",NA,"Betaproteobacteria bacterium"
"151","SAMN41711696","UBA966 sp._LV_17_3. Homa Bay Water Intake_2022","UBA966 sp.",NA,"Phycisphaerales bacterium"
"152","SAMN41711697","JJ008 sp._LV_17_3. Homa Bay Water Intake_2022","JJ008 sp.",NA,"Sphingomonadales bacterium"
"153","SAMN41711698","BACL27 sp._LV_17_3. Homa Bay Water Intake_2022","BACL27 sp.",NA,"Acidimicrobiaceae bacterium"
"154","SAMN41711699","UBA967 sp._LV_17_3. Homa Bay Water Intake_2022","UBA967 sp.",NA,"Spartobacteria bacterium"
"155","SAMN41711700","JACTMZ01 sp._LV_17_3. Homa Bay Water Intake_2022","JACTMZ01 sp.",NA,"Chthoniobacterales bacterium"
"156","SAMN41711701","UBA1268 bacterium_LV_17_3. Homa Bay Water Intake_2022","UBA1268 bacterium",NA,"Planctomycetia bacterium"
"157","SAMN41711702","QWPN01 sp._LV_17_3. Homa Bay Water Intake_2022","QWPN01 sp.",NA,"Pirellulales bacterium"
"158","SAMN41711705","UBA1268 bacterium_LV_18_3. Homa Bay Water Intake_2022","UBA1268 bacterium",NA,"Planctomycetia bacterium"
"159","SAMN41711706","JACTMZ01 sp._LV_18_3. Homa Bay Water Intake_2022","JACTMZ01 sp.",NA,"Chthoniobacterales bacterium"
"160","SAMN41711708","ELB16-189 sp._LV_18_3. Homa Bay Water Intake_2022","ELB16-189 sp.",NA,"Cytophagales bacterium"
"161","SAMN41711709","UBA966 sp._LV_18_3. Homa Bay Water Intake_2022","UBA966 sp.",NA,"Phycisphaerales bacterium"
"162","SAMN41711710","CAIUPE01 sp._LV_18_3. Homa Bay Water Intake_2022","CAIUPE01 sp.",NA,"Hyphomicrobiales bacterium"
"163","SAMN41711711","RFTU01 sp._LV_18_3. Homa Bay Water Intake_2022","RFTU01 sp.",NA,"Betaproteobacteria bacterium"
"164","SAMN41711712","MAG-120802 sp003569145_LV_18_3. Homa Bay Water Intake_2022","MAG-120802 sp003569145",NA,"Actinomycetota bacterium"
"165","SAMN41711713","BACL27 sp._LV_18_3. Homa Bay Water Intake_2022","BACL27 sp.",NA,"Acidimicrobiaceae bacterium"
"166","SAMN41711714","RFTU01 sp._LV_19_H1. Homa Bay Coast_2022","RFTU01 sp.",NA,"Betaproteobacteria bacterium"
"167","SAMN41711715","UBA954 sp._LV_19_H1. Homa Bay Coast_2022","UBA954 sp.",NA,"Burkholderiaceae bacterium"
"168","SAMN41711716","JACTMZ01 sp._LV_19_H1. Homa Bay Coast_2022","JACTMZ01 sp.",NA,"Chthoniobacterales bacterium"
"169","SAMN41711717","BACL27 sp._LV_19_H1. Homa Bay Coast_2022","BACL27 sp.",NA,"Acidimicrobiaceae bacterium"
"170","SAMN41711721","UBA954 sp._LV_20_H1. Homa Bay Coast_2022","UBA954 sp.",NA,"Betaproteobacteria bacterium"
"171","SAMN41711722","JACTMZ01 sp._LV_20_H1. Homa Bay Coast_2022","JACTMZ01 sp.",NA,"Chthoniobacterales bacterium"
"172","SAMN41711723","BACL27 sp._LV_20_H1. Homa Bay Coast_2022","BACL27 sp.",NA,"Acidimicrobiaceae bacterium"
"173","SAMN41711725","RFTU01 sp._LV_20_H1. Homa Bay Coast_2022","RFTU01 sp.",NA,"Betaproteobacteria bacterium"
"174","SAMN41711726","UBA1268 bacterium_LV_20_H1. Homa Bay Coast_2022","UBA1268 bacterium",NA,"Planctomycetia bacterium"
"175","SAMN41711727","UBA3015 sp._LV_21_6. Mbita West_2022","UBA3015 sp.",NA,"Verrucomicrobiota bacterium"
"176","SAMN41711728","SYHX01 sp._LV_21_6. Mbita West_2022","SYHX01 sp.",NA,"Bacteroidota bacterium"
"177","SAMN41711730","UBA966 sp._LV_21_6. Mbita West_2022","UBA966 sp.",NA,"Phycisphaerales bacterium"
"178","SAMN41711732","CAIOSQ01 sp._LV_21_6. Mbita West_2022","CAIOSQ01 sp.",NA,"Alphaproteobacteria bacterium"
"179","SAMN41711733","UBA966 sp016873255_LV_21_6. Mbita West_2022","UBA966 sp016873255",NA,"Planctomycetota bacterium"
"180","SAMN41711735","Casp-actino8 sp._LV_21_6. Mbita West_2022","Casp-actino8 sp.",NA,"Actinomycetota bacterium"
"181","SAMN41711737","NIES-981 sp._LV_21_6. Mbita West_2022","NIES-981 sp.",NA,"Cyanobium sp."
"182","SAMN41711738","F1-60-MAGs027 sp016870295_LV_21_6. Mbita West_2022","F1-60-MAGs027 sp016870295",NA,"Actinomycetota bacterium"
"183","SAMN41711740","ZLKRG08 sp._LV_21_6. Mbita West_2022","ZLKRG08 sp.",NA,"Candidatus Nanopelagicaceae bacterium"
"184","SAMN41711741","F1-60-MAGs149 sp016870485_LV_21_6. Mbita West_2022","F1-60-MAGs149 sp016870485",NA,"Actinomycetota bacterium"
"185","SAMN41711743","UBA2093 sp._LV_21_6. Mbita West_2022","UBA2093 sp.",NA,"Actinomycetota bacterium"
"186","SAMN41711744","PNKF01 sp016871915_LV_21_6. Mbita West_2022","PNKF01 sp016871915",NA,"Gemmatimonadota bacterium"
"187","SAMN41711745","UBA12189 sp014189895_LV_21_6. Mbita West_2022","UBA12189 sp014189895",NA,"Holophagaceae bacterium"
"188","SAMN41711746","ER46 sp._LV_21_6. Mbita West_2022","ER46 sp.",NA,"Opitutaceae bacterium"
"189","SAMN41711747","UBA952 sp._LV_21_6. Mbita West_2022","UBA952 sp.",NA,"Flavobacteriales bacterium"
"190","SAMN41711749","SXYR01 sp016868855_LV_21_6. Mbita West_2022","SXYR01 sp016868855",NA,"Bacteroidota bacterium"
"191","SAMN41711750","CAIUPE01 sp._LV_21_6. Mbita West_2022","CAIUPE01 sp.",NA,"Hyphomicrobiales bacterium"
"192","SAMN41711751","Polaromonas sp016868205_LV_21_6. Mbita West_2022","Polaromos sp.",NA,"Betaproteobacteria bacterium"
"193","SAMN41711752","UBA2093 sp._LV_21_6. Mbita West_2022_1","UBA2093 sp.",NA,"Actinomycetota bacterium"
"194","SAMN41711753","JJ008 sp016872155_LV_21_6. Mbita West_2022","JJ008 sp016872155",NA,"Sphingomonadales bacterium"
"195","SAMN41711754","Roseomonas_B sp._LV_21_6. Mbita West_2022","Roseomos sp.",NA,"Alphaproteobacteria bacterium"
"196","SAMN41711755","VGXF01 sp016873435_LV_21_6. Mbita West_2022","VGXF01 sp016873435",NA,"Nitrospira sp."
"197","SAMN41711756","CADCWF01 sp._LV_22_6. Mbita West_2022","CADCWF01 sp.",NA,"Chloroflexota bacterium"
"198","SAMN41711758","BACL27 sp._LV_22_6. Mbita West_2022","BACL27 sp.",NA,"Acidimicrobiaceae bacterium"
"199","SAMN41711759","NICIL-2 bacterium_LV_22_6. Mbita West_2022","NICIL-2 bacterium",NA,"Candidatus Kapabacteria bacterium"
"200","SAMN41711760","CADEFY01 sp._LV_22_6. Mbita West_2022","CADEFY01 sp.",NA,"Unknown NA"
"201","SAMN41711761","Casp-actino8 sp._LV_22_6. Mbita West_2022","Casp-actino8 sp.",NA,"Ilumatobacteraceae bacterium"
"202","SAMN41711763","MAG-120802 sp016870835_LV_22_6. Mbita West_2022","MAG-120802 sp016870835",NA,"Actinomycetota bacterium"
"203","SAMN41711764","67-14 sp._LV_22_6. Mbita West_2022","67-14 sp.",NA,"Solirubrobacterales bacterium"
"204","SAMN41711765","QWPN01 sp._LV_22_6. Mbita West_2022","QWPN01 sp.",NA,"Planctomycetaceae bacterium"
"205","SAMN41711766","TMED14 sp016868755_LV_22_6. Mbita West_2022","TMED14 sp016868755",NA,"Bacteroidota bacterium"
"206","SAMN41711767","Casp-actino8 sp._LV_22_6. Mbita West_2022_1","Casp-actino8 sp.",NA,"Acidimicrobiia bacterium"
"207","SAMN41711768","12-FULL-67-14b sp._LV_22_6. Mbita West_2022","12-FULL-67-14b sp.",NA,"Acidimicrobiia bacterium"
"208","SAMN41711769","UBA964 sp._LV_22_6. Mbita West_2022","UBA964 sp.",NA,"Nevskiaceae bacterium"
"209","SAMN41711770","UBA964 sp016874235_LV_22_6. Mbita West_2022","UBA964 sp016874235",NA,"Gammaproteobacteria bacterium"
"210","SAMN41711771","CAIUSP01 sp._LV_22_6. Mbita West_2022","CAIUSP01 sp.",NA,"Unknown NA"
"211","SAMN41711772","CAIXOZ01 sp._LV_22_6. Mbita West_2022","CAIXOZ01 sp.",NA,"Cyanobacteriota bacterium"
"212","SAMN41711774","UBA2093 sp._LV_22_6. Mbita West_2022","UBA2093 sp.",NA,"Acidimicrobiales bacterium"
"213","SAMN41711775","F1-60-MAGs163 sp._LV_22_6. Mbita West_2022","F1-60-MAGs163 sp.",NA,"Solirubrobacterales bacterium"
"214","SAMN41711776","VGCC01 sp._LV_22_6. Mbita West_2022","VGCC01 sp.",NA,"Actinomycetota bacterium"
"215","SAMN41711777","PNKF01 sp016871895_LV_22_6. Mbita West_2022","PNKF01 sp016871895",NA,"Gemmatimonadota bacterium"
"216","SAMN41711778","UBA4655 sp._LV_22_6. Mbita West_2022","UBA4655 sp.",NA,"Planctomycetaceae bacterium"
"217","SAMN41711779","SYIM01 sp016868375_LV_22_6. Mbita West_2022","SYIM01 sp016868375",NA,"Betaproteobacteria bacterium"
"218","SAMN41711780","SYGV01 sp._LV_22_6. Mbita West_2022","SYGV01 sp.",NA,"Nitrospiraceae bacterium"
"219","SAMN41711781","SYIM01 sp._LV_22_6. Mbita West_2022","SYIM01 sp.",NA,"Betaproteobacteria bacterium"
"220","SAMN41711782","UBA953 sp._LV_22_6. Mbita West_2022","UBA953 sp.",NA,"Verrucomicrobiota bacterium"
"221","SAMN41711784","UBA964 sp._LV_22_6. Mbita West_2022_1","UBA964 sp.",NA,"Gammaproteobacteria bacterium"
"222","SAMN41711785","SXTU01 sp._LV_22_6. Mbita West_2022","SXTU01 sp.",NA,"Limisphaerales bacterium"
"223","SAMN41711787","SYFN01 sp._LV_22_6. Mbita West_2022","SYFN01 sp.",NA,"Oxalobacteraceae bacterium"
"224","SAMN41711788","SYFN01 sp._LV_23_10. Kisumu Harbor_2023","SYFN01 sp.",NA,"Burkholderiaceae bacterium"
"225","SAMN41711790","JACTMZ01 sp._LV_23_10. Kisumu Harbor_2023","JACTMZ01 sp.",NA,"Chthoniobacterales bacterium"
"226","SAMN41711791","UBA10511 sp._LV_23_10. Kisumu Harbor_2023","UBA10511 sp.",NA,"Planctomycetaceae bacterium"
"227","SAMN41711792","F1-60-MAGs027 sp016870295_LV_23_10. Kisumu Harbor_2023","F1-60-MAGs027 sp016870295",NA,"Actinomycetota bacterium"
"228","SAMN41711793","RFTU01 sp._LV_23_10. Kisumu Harbor_2023","RFTU01 sp.",NA,"Betaproteobacteria bacterium"
"229","SAMN41711794","Casp-actino8 sp._LV_23_10. Kisumu Harbor_2023","Casp-actino8 sp.",NA,"Actinomycetota bacterium"
"230","SAMN41711795","NICIL-2 bacterium_LV_23_10. Kisumu Harbor_2023","NICIL-2 bacterium",NA,"Candidatus Kapabacteria bacterium"
"231","SAMN41711796","BACL27 sp._LV_23_10. Kisumu Harbor_2023","BACL27 sp.",NA,"Acidimicrobiaceae bacterium"
"232","SAMN41711797","SXXK01 sp._LV_23_10. Kisumu Harbor_2023","SXXK01 sp.",NA,"Planctomycetaceae bacterium"
"233","SAMN41711798","SYHX01 sp009927485_LV_23_10. Kisumu Harbor_2023","SYHX01 sp009927485",NA,"Bacteroidota bacterium"
"234","SAMN41711802","MAG-120802 sp016870835_LV_23_10. Kisumu Harbor_2023","MAG-120802 sp016870835",NA,"Actinomycetota bacterium"
"235","SAMN41711803","F1-60-MAGs140 sp016868485_LV_23_10. Kisumu Harbor_2023","F1-60-MAGs140 sp016868485",NA,"Bacteroidota bacterium"
"236","SAMN41711804","RGVT01 sp._LV_23_10. Kisumu Harbor_2023","RGVT01 sp.",NA,"Planctomycetia bacterium"
"237","SAMN41711805","QWPN01 sp._LV_23_10. Kisumu Harbor_2023","QWPN01 sp.",NA,"Planctomycetota bacterium"
"238","SAMN41711807","OLB14 sp._LV_23_10. Kisumu Harbor_2023","OLB14 sp.",NA,"Chloroflexota bacterium"
"239","SAMN41711808","ZLKRG08 sp018883345_LV_23_10. Kisumu Harbor_2023","ZLKRG08 sp018883345",NA,"Candidatus Nanopelagicaceae bacterium"
"240","SAMN41711809","UBA6186 bacterium_LV_23_10. Kisumu Harbor_2023","UBA6186 bacterium",NA,"Gammaproteobacteria bacterium"
"241","SAMN41711810","M3007 sp._LV_23_10. Kisumu Harbor_2023","M3007 sp.",NA,"Bacteroidota bacterium"
"242","SAMN41711811","UBA12189 sp003530835_LV_23_10. Kisumu Harbor_2023","UBA12189 sp003530835",NA,"Holophagaceae bacterium"
"243","SAMN41711812","UBA967 sp._LV_23_10. Kisumu Harbor_2023","UBA967 sp.",NA,"Verrucomicrobiota bacterium"
"244","SAMN41711813","RFPI01 sp009926205_LV_23_10. Kisumu Harbor_2023","RFPI01 sp009926205",NA,"Methylophilaceae bacterium"
"245","SAMN41711814","CAINVI01 sp._LV_23_10. Kisumu Harbor_2023","CAINVI01 sp.",NA,"Bacteroidota bacterium"
"246","SAMN41711815","MAG-120802 sp._LV_23_10. Kisumu Harbor_2023","MAG-120802 sp.",NA,"Actinomycetota bacterium"
"247","SAMN41711816","RGVT01 sp._LV_23_10. Kisumu Harbor_2023_1","RGVT01 sp.",NA,"Planctomycetia bacterium"
"248","SAMN41711817","BACL27 sp._LV_24_11. Dunga_2023","BACL27 sp.",NA,"Acidimicrobiaceae bacterium"
"249","SAMN41711818","Casp-actino8 sp._LV_24_11. Dunga_2023","Casp-actino8 sp.",NA,"Actinomycetota bacterium"
"250","SAMN41711820","MAG-120802 sp._LV_24_11. Dunga_2023","MAG-120802 sp.",NA,"Actinomycetota bacterium"
"251","SAMN41711822","MAG-120802 sp._LV_24_11. Dunga_2023_1","MAG-120802 sp.",NA,"Actinomycetota bacterium"
"252","SAMN41711824","F1-60-MAGs027 sp016870295_LV_24_11. Dunga_2023","F1-60-MAGs027 sp016870295",NA,"Actinomycetota bacterium"
"253","SAMN41711825","OLB14 sp._LV_25_15. Sondu Miriu_2023","OLB14 sp.",NA,"Chloroflexota bacterium"
"254","SAMN41711826","UBA6176 sp._LV_25_15. Sondu Miriu_2023","UBA6176 sp.",NA,"Verrucomicrobiota bacterium"
"255","SAMN41711828","M3007 sp._LV_25_15. Sondu Miriu_2023","M3007 sp.",NA,"Bacteroidota bacterium"
"256","SAMN41711829","CAIOZW01 sp._LV_25_15. Sondu Miriu_2023","CAIOZW01 sp.",NA,"Acidobacteriota bacterium"
"257","SAMN41711830","ZLKRG08 sp._LV_25_15. Sondu Miriu_2023","ZLKRG08 sp.",NA,"Candidatus Nanopelagicaceae bacterium"
"258","SAMN41711831","UBA961 sp._LV_25_15. Sondu Miriu_2023","UBA961 sp.",NA,"Ignavibacteria bacterium"
"259","SAMN41711833","JADJPL01 sp._LV_25_15. Sondu Miriu_2023","JADJPL01 sp.",NA,"Haliscomenobacter sp."
"260","SAMN41711835","RBG-16-57-11 sp._LV_25_15. Sondu Miriu_2023","RBG-16-57-11 sp.",NA,"Chloroflexota bacterium"
"261","SAMN41711836","UBA6136 sp._LV_25_15. Sondu Miriu_2023","UBA6136 sp.",NA,"Methylococcus sp."
"262","SAMN41711839","JADJPL01 sp._LV_25_15. Sondu Miriu_2023_1","JADJPL01 sp.",NA,"Haliscomenobacter sp."
"263","SAMN41711840","NICIL-2 bacterium_LV_25_15. Sondu Miriu_2023","NICIL-2 bacterium",NA,"Candidatus Kapabacteria bacterium"
"264","SAMN41711842","MAG-120802 sp._LV_25_15. Sondu Miriu_2023","MAG-120802 sp.",NA,"Actinomycetales bacterium"
"265","SAMN41711843","SYHX01 sp._LV_26_17. Southern Mid-Gulf_2023","SYHX01 sp.",NA,"Bacteroidota bacterium"
"266","SAMN41711844","UBA9464 bacterium_LV_26_17. Southern Mid-Gulf_2023","UBA9464 bacterium",NA,"Verrucomicrobiota bacterium"
"267","SAMN41711845","REEB422 sp._LV_26_17. Southern Mid-Gulf_2023","REEB422 sp.",NA,"Alphaproteobacteria bacterium"
"268","SAMN41711846","ELB16-189 sp._LV_26_17. Southern Mid-Gulf_2023","ELB16-189 sp.",NA,"Bacteroidota bacterium"
"269","SAMN41711847","ER46 sp._LV_26_17. Southern Mid-Gulf_2023","ER46 sp.",NA,"Opitutaceae bacterium"
"270","SAMN41711848","REEB426 sp._LV_26_17. Southern Mid-Gulf_2023","REEB426 sp.",NA,"Actinomycetales bacterium"
"271","SAMN41711849","JAEUHO01 bacterium_LV_26_17. Southern Mid-Gulf_2023","JAEUHO01 bacterium",NA,"Planctomycetia bacterium"
"272","SAMN41711850","Pyrinomonadaceae bacterium_LV_26_17. Southern Mid-Gulf_2023","Pyrinomodaceae bacterium",NA,"Acidobacteriota bacterium"
"273","SAMN41711851","RFTU01 sp._LV_26_17. Southern Mid-Gulf_2023","RFTU01 sp.",NA,"Betaproteobacteria bacterium"
"274","SAMN41711852","UBA2466 sp900299195_LV_26_17. Southern Mid-Gulf_2023","UBA2466 sp900299195",NA,"Deltaproteobacteria bacterium"
"275","SAMN41711853","UBA7803 sp._LV_26_17. Southern Mid-Gulf_2023","UBA7803 sp.",NA,"Gammaproteobacteria bacterium"
"276","SAMN41711854","RGVT01 sp._LV_26_17. Southern Mid-Gulf_2023","RGVT01 sp.",NA,"Planctomycetia bacterium"
"277","SAMN41711855","F1-60-MAGs027 sp._LV_26_17. Southern Mid-Gulf_2023","F1-60-MAGs027 sp.",NA,"Acidimicrobiia bacterium"
"278","SAMN41711856","F1-20-MAGs119 sp._LV_26_17. Southern Mid-Gulf_2023","F1-20-MAGs119 sp.",NA,"Actinomycetota bacterium"
"279","SAMN41711859","RFNO01 sp._LV_26_17. Southern Mid-Gulf_2023","RFNO01 sp.",NA,"Pseudomonadota bacterium"
"280","SAMN41711861","Mxb001 sp._LV_26_17. Southern Mid-Gulf_2023","Mxb001 sp.",NA,"Actinomycetota bacterium"
"281","SAMN41711863","MAG-120802 sp._LV_26_17. Southern Mid-Gulf_2023","MAG-120802 sp.",NA,"Actinomycetota bacterium"
"282","SAMN41711864","UBA961 sp009919265_LV_26_17. Southern Mid-Gulf_2023","UBA961 sp009919265",NA,"Bacteroidota bacterium"
"283","SAMN41711866","QWPN01 sp._LV_26_17. Southern Mid-Gulf_2023","QWPN01 sp.",NA,"Planctomycetia bacterium"
"284","SAMN41711867","JJ008 sp903879995_LV_26_17. Southern Mid-Gulf_2023","JJ008 sp903879995",NA,"Bacteroidota bacterium"
"285","SAMN41711868","SYFN01 sp._LV_26_17. Southern Mid-Gulf_2023","SYFN01 sp.",NA,"Burkholderiaceae bacterium"
"286","SAMN41711869","CAIUKV01 sp._LV_26_17. Southern Mid-Gulf_2023","CAIUKV01 sp.",NA,"Actinomycetota bacterium"
"287","SAMN41711870","BACL27 sp._LV_26_17. Southern Mid-Gulf_2023","BACL27 sp.",NA,"Acidimicrobiaceae bacterium"
"288","SAMN41711872","IMCC26077 sp016870715_LV_26_17. Southern Mid-Gulf_2023","IMCC26077 sp016870715",NA,"Actinomycetota bacterium"
"289","SAMN41711874","VGZA01 sp._LV_26_17. Southern Mid-Gulf_2023","VGZA01 sp.",NA,"Planctomycetota bacterium"
"290","SAMN41711876","PNKF01 sp016871915_LV_26_17. Southern Mid-Gulf_2023","PNKF01 sp016871915",NA,"Gemmatimonadota bacterium"
"291","SAMN41711878","PALSA-610 bacterium_LV_26_17. Southern Mid-Gulf_2023","PALSA-610 bacterium",NA,"Actinomycetota bacterium"
"292","SAMN41711882","F1-20-MAGs016 sp._LV_26_17. Southern Mid-Gulf_2023","F1-20-MAGs016 sp.",NA,"Planctomycetaceae bacterium"
"293","SAMN41711883","UBA12189 sp._LV_26_17. Southern Mid-Gulf_2023","UBA12189 sp.",NA,"Holophagaceae bacterium"
"294","SAMN41711884","JACTMZ01 sp._LV_26_17. Southern Mid-Gulf_2023","JACTMZ01 sp.",NA,"Chthoniobacterales bacterium"
"295","SAMN41711885","SYAR01 sp._LV_26_17. Southern Mid-Gulf_2023","SYAR01 sp.",NA,"Alphaproteobacteria bacterium"
"296","SAMN41711886","UBA952 sp._LV_26_17. Southern Mid-Gulf_2023","UBA952 sp.",NA,"Crocinitomicaceae bacterium"
"297","SAMN41711887","UBA10511 sp._LV_26_17. Southern Mid-Gulf_2023","UBA10511 sp.",NA,"Planctomycetaceae bacterium"
"298","SAMN41711888","NICIL-2 bacterium_LV_26_17. Southern Mid-Gulf_2023","NICIL-2 bacterium",NA,"Candidatus Kapabacteria bacterium"
"299","SAMN41711889","MAG-120802 sp._LV_26_17. Southern Mid-Gulf_2023_1","MAG-120802 sp.",NA,"Actinomycetota bacterium"
"300","SAMN41711890","ATZT02 sp._LV_26_17. Southern Mid-Gulf_2023","ATZT02 sp.",NA,"Actinomycetes bacterium"
"301","SAMN41711891","MAG-120802 sp._LV_26_17. Southern Mid-Gulf_2023_2","MAG-120802 sp.",NA,"Actinomycetales bacterium"
"302","SAMN41711895","CAIKZY01 sp._LV_27_18. Awach River Mouth_2023","CAIKZY01 sp.",NA,"Actinomycetes bacterium"
"303","SAMN41711898","UBA10511 sp._LV_27_18. Awach River Mouth_2023","UBA10511 sp.",NA,"Planctomycetaceae bacterium"
"304","SAMN41711902","F1-60-MAGs027 sp016870295_LV_29_20. Ingra_2023","F1-60-MAGs027 sp016870295",NA,"Actinomycetota bacterium"
"305","SAMN41711903","UBA954 sp._LV_29_20. Ingra_2023","UBA954 sp.",NA,"Betaproteobacteria bacterium"
"306","SAMN41711904","BACL27 sp._LV_29_20. Ingra_2023","BACL27 sp.",NA,"Acidimicrobiaceae bacterium"
"307","SAMN41711905","MAG-120802 sp._LV_29_20. Ingra_2023","MAG-120802 sp.",NA,"Actinomycetales bacterium"
"308","SAMN41711907","BACL27 sp016870935_LV_29_20. Ingra_2023","BACL27 sp016870935",NA,"Actinomycetota bacterium"
"309","SAMN41711910","SXXK01 sp._LV_29_20. Ingra_2023","SXXK01 sp.",NA,"Planctomycetaceae bacterium"
"310","SAMN41711912","RFTU01 sp._LV_30_21. Kowuor_2023","RFTU01 sp.",NA,"Betaproteobacteria bacterium"
"311","SAMN41711913","F1-60-MAGs027 sp016870295_LV_30_21. Kowuor_2023","F1-60-MAGs027 sp016870295",NA,"Actinomycetota bacterium"
"312","SAMN41711914","BACL27 sp016870935_LV_30_21. Kowuor_2023","BACL27 sp016870935",NA,"Actinomycetota bacterium"
"313","SAMN41711916","BACL27 sp._LV_30_21. Kowuor_2023","BACL27 sp.",NA,"Acidimicrobiaceae bacterium"
"314","SAMN41711917","MAG-120802 sp016870855_LV_30_21. Kowuor_2023","MAG-120802 sp016870855",NA,"Actinomycetota bacterium"
"315","SAMN41711919","SYHX01 sp009927485_LV_30_21. Kowuor_2023","SYHX01 sp009927485",NA,"Bacteroidota bacterium"
"316","SAMN41711920","MAG-120802 sp016870835_LV_30_21. Kowuor_2023","MAG-120802 sp016870835",NA,"Actinomycetota bacterium"
"317","SAMN41711921","VGXF01 sp016873435_LV_30_21. Kowuor_2023","VGXF01 sp016873435",NA,"Nitrospira sp."
"318","SAMN41711922","Casp-actino8 sp._LV_30_21. Kowuor_2023","Casp-actino8 sp.",NA,"Actinomycetota bacterium"
"319","SAMN41711923","OLB10 bacterium_LV_30_21. Kowuor_2023","OLB10 bacterium",NA,"Bacteroidota bacterium"
"320","SAMN41711925","BACL27 sp._LV_31_22. Oluch_2023","BACL27 sp.",NA,"Acidimicrobiaceae bacterium"
"321","SAMN41711926","F1-60-MAGs027 sp016870295_LV_31_22. Oluch_2023","F1-60-MAGs027 sp016870295",NA,"Actinomycetota bacterium"
"322","SAMN41711927","SXXK01 sp._LV_31_22. Oluch_2023","SXXK01 sp.",NA,"Planctomycetaceae bacterium"
"323","SAMN41711930","BACL27 sp016870935_LV_32_23. Sikli_2023","BACL27 sp016870935",NA,"Actinomycetota bacterium"
"324","SAMN41711931","Pseudanabaena sp._LV_32_23. Sikli_2023","Pseudabae sp.",NA,"Pseudanabaena sp."
"325","SAMN41711932","OLB10 bacterium_LV_32_23. Sikli_2023","OLB10 bacterium",NA,"Bacteroidota bacterium"
"326","SAMN41711933","ZLKRG08 sp._LV_32_23. Sikli_2023","ZLKRG08 sp.",NA,"Candidatus Nanopelagicaceae bacterium"
"327","SAMN41711938","SXXK01 sp._LV_32_23. Sikli_2023","SXXK01 sp.",NA,"Planctomycetaceae bacterium"
"328","SAMN41711939","ELB16-189 sp._LV_32_23. Sikli_2023","ELB16-189 sp.",NA,"Flammeovirgaceae bacterium"
"329","SAMN41711940","F1-60-MAGs027 sp016870295_LV_32_23. Sikli_2023","F1-60-MAGs027 sp016870295",NA,"Actinomycetota bacterium"
"330","SAMN41711941","BACL27 sp._LV_33_24. Mirunda_2023","BACL27 sp.",NA,"Acidimicrobiaceae bacterium"
"331","SAMN41711942","MAG-120802 sp016870855_LV_33_24. Mirunda_2023","MAG-120802 sp016870855",NA,"Actinomycetota bacterium"
"332","SAMN41711943","F1-60-MAGs027 sp016870295_LV_33_24. Mirunda_2023","F1-60-MAGs027 sp016870295",NA,"Actinomycetota bacterium"
"333","SAMN41711946","CAIZGX01 sp._LV_34_25. Mbita East_2023","CAIZGX01 sp.",NA,"Bacteroidota bacterium"
"334","SAMN41711947","UBA4660 sp._LV_34_25. Mbita East_2023","UBA4660 sp.",NA,"Flavobacteriales bacterium"
"335","SAMN41711949","NICIL-2 bacterium_LV_34_25. Mbita East_2023","NICIL-2 bacterium",NA,"Candidatus Kapabacteria bacterium"
"336","SAMN41711950","Roseomonas_B sp._LV_34_25. Mbita East_2023","Roseomos sp.",NA,"Alphaproteobacteria bacterium"
"337","SAMN41711951","SXXZ01 sp016871615_LV_34_25. Mbita East_2023","SXXZ01 sp016871615",NA,"Verrucomicrobiota bacterium"
"338","SAMN41711952","OLB10 bacterium_LV_34_25. Mbita East_2023","OLB10 bacterium",NA,"Bacteroidota bacterium"
"339","SAMN41711953","SYAC01 sp._LV_34_25. Mbita East_2023","SYAC01 sp.",NA,"Planctomycetota bacterium"
"340","SAMN41711954","UBA5518 sp._LV_34_25. Mbita East_2023","UBA5518 sp.",NA,"Gammaproteobacteria bacterium"
"341","SAMN41711955","VGZA01 sp._LV_34_25. Mbita East_2023","VGZA01 sp.",NA,"Planctomycetota bacterium"
"342","SAMN41711956","UBA3961 sp._LV_34_25. Mbita East_2023","UBA3961 sp.",NA,"Chitinophagaceae bacterium"
"343","SAMN41711957","RGEC01 sp016872175_LV_34_25. Mbita East_2023","RGEC01 sp016872175",NA,"Sphingomonadales bacterium"
"344","SAMN41711958","UBA9464 sp016871805_LV_34_25. Mbita East_2023","UBA9464 sp016871805",NA,"Verrucomicrobiota bacterium"
"345","SAMN41711960","BACL27 sp._LV_34_25. Mbita East_2023","BACL27 sp.",NA,"Acidimicrobiaceae bacterium"
"346","SAMN41711961","UBA966 sp016873255_LV_34_25. Mbita East_2023","UBA966 sp016873255",NA,"Planctomycetota bacterium"
"347","SAMN41711962","UBA952 sp._LV_34_25. Mbita East_2023","UBA952 sp.",NA,"Crocinitomicaceae bacterium"
"348","SAMN41711963","SYFN01 sp._LV_34_25. Mbita East_2023","SYFN01 sp.",NA,"Burkholderiaceae bacterium"
"349","SAMN41711964","HRBIN12 bacterium_LV_34_25. Mbita East_2023","HRBIN12 bacterium",NA,"Actinomycetota bacterium"
"350","SAMN41711965","F1-20-MAGs119 sp._LV_34_25. Mbita East_2023","F1-20-MAGs119 sp.",NA,"Actinomycetota bacterium"
"351","SAMN41711966","REEB422 sp._LV_34_25. Mbita East_2023","REEB422 sp.",NA,"Alphaproteobacteria bacterium"
"352","SAMN41711968","SYFN01 sp016868055_LV_34_25. Mbita East_2023","SYFN01 sp016868055",NA,"Betaproteobacteria bacterium"
"353","SAMN41711969","NIES-981 sp._LV_34_25. Mbita East_2023","NIES-981 sp.",NA,"Cyanobium sp."
"354","SAMN41711970","Casp-actino8 sp._LV_34_25. Mbita East_2023","Casp-actino8 sp.",NA,"Actinomycetota bacterium"
"355","SAMN41711973","SYHX01 sp._LV_34_25. Mbita East_2023","SYHX01 sp.",NA,"Bacteroidota bacterium"
"356","SAMN41711975","BJ22 sp._LV_34_25. Mbita East_2023","BJ22 sp.",NA,"Planctomycetota bacterium"
"357","SAMN41711976","UBA4660 sp._LV_34_25. Mbita East_2023_1","UBA4660 sp.",NA,"Flavobacteriales bacterium"
"358","SAMN41711977","UBA668 sp._LV_34_25. Mbita East_2023","UBA668 sp.",NA,"Actinomycetota bacterium"
"359","SAMN41711978","UBA952 sp._LV_34_25. Mbita East_2023_1","UBA952 sp.",NA,"Bacteroidota bacterium"
"360","SAMN41711979","SYAR01 sp._LV_34_25. Mbita East_2023","SYAR01 sp.",NA,"Alphaproteobacteria bacterium"
"361","SAMN41711980","CAIZGX01 sp._LV_34_25. Mbita East_2023_1","CAIZGX01 sp.",NA,"Bacteroidota bacterium"
"362","SAMN41711981","UBA965 sp._LV_35_26. Mbita West_2023","UBA965 sp.",NA,"Roseiflexaceae bacterium"
"363","SAMN41711982","UBA4660 sp._LV_35_26. Mbita West_2023","UBA4660 sp.",NA,"Flavobacteriales bacterium"
"364","SAMN41711983","Roseomonas_B sp._LV_35_26. Mbita West_2023","Roseomos sp.",NA,"Alphaproteobacteria bacterium"
"365","SAMN41711984","ER46 sp._LV_35_26. Mbita West_2023","ER46 sp.",NA,"Opitutaceae bacterium"
"366","SAMN41711985","UBA964 sp._LV_35_26. Mbita West_2023","UBA964 sp.",NA,"Gammaproteobacteria bacterium"
"367","SAMN41711987","SYHX01 sp._LV_35_26. Mbita West_2023","SYHX01 sp.",NA,"Bacteroidota bacterium"
"368","SAMN41711988","UBA953 sp._LV_35_26. Mbita West_2023","UBA953 sp.",NA,"Verrucomicrobiota bacterium"
"369","SAMN41711989","BACL27 sp._LV_35_26. Mbita West_2023","BACL27 sp.",NA,"Acidimicrobiaceae bacterium"
"370","SAMN41711991","F1-60-MAGs149 sp016870485_LV_35_26. Mbita West_2023","F1-60-MAGs149 sp016870485",NA,"Actinomycetota bacterium"
"371","SAMN41711992","UBA952 sp._LV_35_26. Mbita West_2023","UBA952 sp.",NA,"Bacteroidota bacterium"
"372","SAMN41711993","UBA952 sp016866415_LV_35_26. Mbita West_2023","UBA952 sp016866415",NA,"Bacteroidota bacterium"
"373","SAMN41711996","UBA952 sp._LV_35_26. Mbita West_2023_1","UBA952 sp.",NA,"Bacteroidota bacterium"
"374","SAMN41711997","UBA952 sp016872115_LV_35_26. Mbita West_2023","UBA952 sp016872115",NA,"Sphingomonadales bacterium"
"375","SAMN41711998","SYFN01 sp._LV_35_26. Mbita West_2023","SYFN01 sp.",NA,"Burkholderiaceae bacterium"
"376","SAMN41711999","F1-60-MAGs027 sp016870295_LV_35_26. Mbita West_2023","F1-60-MAGs027 sp016870295",NA,"Actinomycetota bacterium"
"377","SAMN41712000","UBA952 sp016868915_LV_35_26. Mbita West_2023","UBA952 sp016868915",NA,"Bacteroidota bacterium"
"378","SAMN41712001","UBA955 sp016868785_LV_35_26. Mbita West_2023","UBA955 sp016868785",NA,"Bacteroidota bacterium"
"379","SAMN41712004","NIES-981 sp._LV_35_26. Mbita West_2023","NIES-981 sp.",NA,"Cyanobium sp."
"380","SAMN41712005","JJ008 sp._LV_35_26. Mbita West_2023","JJ008 sp.",NA,"Bacteroidota bacterium"
"381","SAMN41712006","KMS-5 sp016869835_LV_35_26. Mbita West_2023","KMS-5 sp016869835",NA,"Paracoccaceae bacterium"
"382","SAMN41712007","JJ008 sp._LV_35_26. Mbita West_2023_1","JJ008 sp.",NA,"Sphingomonadales bacterium"
"383","SAMN41712008","CBW1002 sp._LV_35_26. Mbita West_2023","CBW1002 sp.",NA,"Synechococcus sp."
"384","SAMN41712009","SYFN01 sp016868055_LV_35_26. Mbita West_2023","SYFN01 sp016868055",NA,"Betaproteobacteria bacterium"
"385","SAMN41712010","UBA3064 sp._LV_35_26. Mbita West_2023","UBA3064 sp.",NA,"Betaproteobacteria bacterium"
"386","SAMN41712011","UBA5018 sp._LV_35_26. Mbita West_2023","UBA5018 sp.",NA,"Cyanobacteriota bacterium"
"387","SAMN41712012","UBA952 sp._LV_35_26. Mbita West_2023_2","UBA952 sp.",NA,"Crocinitomicaceae bacterium"
"388","SAMN41712015","UBA952 sp._LV_35_26. Mbita West_2023_3","UBA952 sp.",NA,"Flavobacteriales bacterium"
"389","SAMN41712016","IMCC26256 sp._LV_35_26. Mbita West_2023","IMCC26256 sp.",NA,"Actinomycetes bacterium"
"390","SAMN41712017","CAILUF01 sp._LV_35_26. Mbita West_2023","CAILUF01 sp.",NA,"Alphaproteobacteria bacterium"
"391","SAMN41712018","MAG-120802 sp016870835_LV_35_26. Mbita West_2023","MAG-120802 sp016870835",NA,"Actinomycetota bacterium"
"392","SAMN41712019","SYAR01 sp._LV_35_26. Mbita West_2023","SYAR01 sp.",NA,"Alphaproteobacteria bacterium"
"393","SAMN41712021","UBA952 sp._LV_35_26. Mbita West_2023_4","UBA952 sp.",NA,"Flavobacteriales bacterium"
"394","SAMN41712022","CAIUCS01 sp903897715_LV_35_26. Mbita West_2023","CAIUCS01 sp903897715",NA,"Synechococcales bacterium"
"395","SAMN41712025","CAIZGX01 sp._LV_35_26. Mbita West_2023","CAIZGX01 sp.",NA,"Bacteroidota bacterium"
"396","SAMN41712026","F1-60-MAGs149 sp016870485_LV_36_27. Bridge Island_2023","F1-60-MAGs149 sp016870485",NA,"Actinomycetota bacterium"
"397","SAMN41712027","SXXZ01 sp016871615_LV_36_27. Bridge Island_2023","SXXZ01 sp016871615",NA,"Verrucomicrobiota bacterium"
"398","SAMN41712028","Roseomonas_B sp._LV_36_27. Bridge Island_2023","Roseomos sp.",NA,"Alphaproteobacteria bacterium"
"399","SAMN41712032","Mxb001 sp._LV_36_27. Bridge Island_2023","Mxb001 sp.",NA,"Actinomycetota bacterium"
"400","SAMN41712033","F1-60-MAGs140 sp016868485_LV_36_27. Bridge Island_2023","F1-60-MAGs140 sp016868485",NA,"Bacteroidota bacterium"
"401","SAMN41712034","BJ22 sp._LV_36_27. Bridge Island_2023","BJ22 sp.",NA,"Planctomycetota bacterium"
"402","SAMN41712035","SYHX01 sp._LV_36_27. Bridge Island_2023","SYHX01 sp.",NA,"Bacteroidota bacterium"
"403","SAMN41712037","SYIM01 sp016868375_LV_36_27. Bridge Island_2023","SYIM01 sp016868375",NA,"Betaproteobacteria bacterium"
"404","SAMN41712038","UBA964 sp._LV_36_27. Bridge Island_2023","UBA964 sp.",NA,"Gammaproteobacteria bacterium"
"405","SAMN41712040","Pseudanabaena sp._LV_36_27. Bridge Island_2023","Pseudabae sp.",NA,"Pseudanabaena sp."
"406","SAMN41712041","REEB421 sp016873225_LV_36_27. Bridge Island_2023","REEB421 sp016873225",NA,"Planctomycetota bacterium"
"407","SAMN41712043","UBA961 sp016873735_LV_36_27. Bridge Island_2023","UBA961 sp016873735",NA,"Ignavibacteria bacterium"
"408","SAMN41712046","CAIUCS01 sp903897715_LV_36_27. Bridge Island_2023","CAIUCS01 sp903897715",NA,"Synechococcales bacterium"
"409","SAMN41712048","F1-60-MAGs027 sp016870295_LV_36_27. Bridge Island_2023","F1-60-MAGs027 sp016870295",NA,"Actinomycetota bacterium"
"410","SAMN41712049","NIES-981 sp._LV_36_27. Bridge Island_2023","NIES-981 sp.",NA,"Cyanobium sp."
"411","SAMN41712050","UBA5018 sp._LV_36_27. Bridge Island_2023","UBA5018 sp.",NA,"Cyanobacteriota bacterium"
"412","SAMN41712051","SYFN01 sp016868055_LV_36_27. Bridge Island_2023","SYFN01 sp016868055",NA,"Betaproteobacteria bacterium"
"413","SAMN41712054","UBA3064 sp016868095_LV_36_27. Bridge Island_2023","UBA3064 sp016868095",NA,"Betaproteobacteria bacterium"
"414","SAMN41712056","MAG-120802 sp016870795_LV_36_27. Bridge Island_2023","MAG-120802 sp016870795",NA,"Actinomycetota bacterium"
"415","SAMN41712057","IMCC26077 sp016870715_LV_36_27. Bridge Island_2023","IMCC26077 sp016870715",NA,"Actinomycetota bacterium"
"416","SAMN41712058","MAG-120802 sp._LV_36_27. Bridge Island_2023","MAG-120802 sp.",NA,"Actinomycetales bacterium"
"417","SAMN41712059","JJ008 sp016866355_LV_36_27. Bridge Island_2023","JJ008 sp016866355",NA,"Bacteroidota bacterium"
"418","SAMN41712062","SXMI01 sp016870275_LV_36_27. Bridge Island_2023","SXMI01 sp016870275",NA,"Actinomycetota bacterium"
"419","SAMN41712063","F1-20-MAGs016 sp016872555_LV_36_27. Bridge Island_2023","F1-20-MAGs016 sp016872555",NA,"Planctomycetota bacterium"
"420","SAMN41712071","Vampirovibrionales bacterium_LV_36_27. Bridge Island_2023","Vampirovibrioles bacterium",NA,"Vampirovibrionales bacterium"
"421","SAMN41712072","UBA952 sp._LV_36_27. Bridge Island_2023","UBA952 sp.",NA,"Crocinitomicaceae bacterium"
"422","SAMN41712074","SYFN01 sp._LV_36_27. Bridge Island_2023","SYFN01 sp.",NA,"Burkholderiaceae bacterium"
"423","SAMN41712075","UBA952 sp._LV_36_27. Bridge Island_2023_1","UBA952 sp.",NA,"Bacteroidota bacterium"
"424","SAMN41712076","F1-60-MAGs104 sp._LV_36_27. Bridge Island_2023","F1-60-MAGs104 sp.",NA,"Planctomycetota bacterium"
"425","SAMN41712077","Vampirovibrionales bacterium_LV_36_27. Bridge Island_2023_1","Vampirovibrioles bacterium",NA,"Vampirovibrionales bacterium"
"426","SAMN41712078","UBA964 sp._LV_36_27. Bridge Island_2023_1","UBA964 sp.",NA,"Gammaproteobacteria bacterium"
"427","SAMN41712079","MAG-120802 sp._LV_36_27. Bridge Island_2023_1","MAG-120802 sp.",NA,"Actinomycetota bacterium"
"428","SAMN41712080","UBA953 sp._LV_36_27. Bridge Island_2023","UBA953 sp.",NA,"Verrucomicrobiota bacterium"
"429","SAMN41712081","SYAN01 sp016870815_LV_36_27. Bridge Island_2023","SYAN01 sp016870815",NA,"Actinomycetota bacterium"
"430","SAMN41712082","LMEP-6097 sp._LV_36_27. Bridge Island_2023","LMEP-6097 sp.",NA,"Unknown NA"
"431","SAMN41712083","Casp-actino8 sp016871355_LV_36_27. Bridge Island_2023","Casp-actino8 sp016871355",NA,"Actinomycetota bacterium"
"432","SAMN41712087","MAG-120802 sp016870795_LV_37_28. Bondo_2023","MAG-120802 sp016870795",NA,"Actinomycetota bacterium"
"433","SAMN41712088","Roseomonas_B sp._LV_37_28. Bondo_2023","Roseomos sp.",NA,"Alphaproteobacteria bacterium"
"434","SAMN41712089","SYHX01 sp._LV_37_28. Bondo_2023","SYHX01 sp.",NA,"Bacteroidota bacterium"
"435","SAMN41712090","F1-20-MAGs119 sp._LV_37_28. Bondo_2023","F1-20-MAGs119 sp.",NA,"Actinomycetota bacterium"
"436","SAMN41712091","JACTMZ01 sp._LV_37_28. Bondo_2023","JACTMZ01 sp.",NA,"Chthoniobacterales bacterium"
"437","SAMN41712092","UKL13-2 sp._LV_37_28. Bondo_2023","UKL13-2 sp.",NA,"Burkholderiales bacterium"
"438","SAMN41712093","ELB16-189 sp._LV_37_28. Bondo_2023","ELB16-189 sp.",NA,"Cytophagales bacterium"
"439","SAMN41712096","MAG-120802 sp016870855_LV_37_28. Bondo_2023","MAG-120802 sp016870855",NA,"Actinomycetota bacterium"
"440","SAMN41712097","QWPN01 sp016872925_LV_37_28. Bondo_2023","QWPN01 sp016872925",NA,"Planctomycetota bacterium"
"441","SAMN41712098","UBA3064 sp016868095_LV_37_28. Bondo_2023","UBA3064 sp016868095",NA,"Betaproteobacteria bacterium"
"442","SAMN41712099","NIES-981 sp._LV_37_28. Bondo_2023","NIES-981 sp.",NA,"Cyanobium sp."
"443","SAMN41712104","UBA952 sp._LV_37_28. Bondo_2023","UBA952 sp.",NA,"Crocinitomicaceae bacterium"
"444","SAMN41712105","UBA964 sp._LV_37_28. Bondo_2023","UBA964 sp.",NA,"Gammaproteobacteria bacterium"
"445","SAMN41712107","BACL27 sp._LV_37_28. Bondo_2023","BACL27 sp.",NA,"Acidimicrobiaceae bacterium"
"446","SAMN41712108","F1-60-MAGs027 sp016870295_LV_37_28. Bondo_2023","F1-60-MAGs027 sp016870295",NA,"Actinomycetota bacterium"
"447","SAMN41712109","Roseomonas_B sp._LV_38_29. Yala River Mouth_2023","Roseomos sp.",NA,"Alphaproteobacteria bacterium"
"448","SAMN41712110","M3007 sp._LV_38_29. Yala River Mouth_2023","M3007 sp.",NA,"Bacteroidota bacterium"
"449","SAMN41712111","ELB16-189 sp._LV_38_29. Yala River Mouth_2023","ELB16-189 sp.",NA,"Flammeovirgaceae bacterium"
"450","SAMN41712112","SYHX01 sp._LV_38_29. Yala River Mouth_2023","SYHX01 sp.",NA,"Bacteroidota bacterium"
"451","SAMN41712113","BACL27 sp016870935_LV_38_29. Yala River Mouth_2023","BACL27 sp016870935",NA,"Actinomycetota bacterium"
"452","SAMN41712114","F1-60-MAGs027 sp016870295_LV_38_29. Yala River Mouth_2023","F1-60-MAGs027 sp016870295",NA,"Actinomycetota bacterium"
"453","SAMN41712116","MAG-120802 sp016870855_LV_38_29. Yala River Mouth_2023","MAG-120802 sp016870855",NA,"Actinomycetota bacterium"
"454","SAMN41712117","UBA954 sp._LV_38_29. Yala River Mouth_2023","UBA954 sp.",NA,"Betaproteobacteria bacterium"
"455","SAMN41712118","UBA1268 bacterium_LV_38_29. Yala River Mouth_2023","UBA1268 bacterium",NA,"Planctomycetia bacterium"
"456","SAMN41712119","JAAFIP01 sp._LV_38_29. Yala River Mouth_2023","JAAFIP01 sp.",NA,"Brachymonas sp."
"457","SAMN41712120","NIES-981 sp._LV_38_29. Yala River Mouth_2023","NIES-981 sp.",NA,"Cyanobium sp."
"458","SAMN41712122","UKL13-2 sp._LV_38_29. Yala River Mouth_2023","UKL13-2 sp.",NA,"Burkholderiales bacterium"
"459","SAMN41712125","UBA961 sp009919265_LV_38_29. Yala River Mouth_2023","UBA961 sp009919265",NA,"Bacteroidota bacterium"
"460","SAMN41712126","SYHX01 sp._LV_38_29. Yala River Mouth_2023_1","SYHX01 sp.",NA,"Bacteroidota bacterium"
"461","SAMN41712128","MAG-120802 sp016870795_LV_38_29. Yala River Mouth_2023","MAG-120802 sp016870795",NA,"Actinomycetota bacterium"
"462","SAMN41712129","F1-120-MAGs118 sp._LV_39_30. Rosinga Channel_2023","F1-120-MAGs118 sp.",NA,"Planctomycetota bacterium"
"463","SAMN41712130","SYGM01 sp._LV_39_30. Rosinga Channel_2023","SYGM01 sp.",NA,"Planctomycetia bacterium"
"464","SAMN41712131","CAIRTT01 sp._LV_39_30. Rosinga Channel_2023","CAIRTT01 sp.",NA,"Armatimonadota bacterium"
"465","SAMN41712132","Polaromonas sp016868205_LV_39_30. Rosinga Channel_2023","Polaromos sp.",NA,"Betaproteobacteria bacterium"
"466","SAMN41712133","UBA952 sp._LV_39_30. Rosinga Channel_2023","UBA952 sp.",NA,"Crocinitomicaceae bacterium"
"467","SAMN41712135","ELB16-189 sp._LV_39_30. Rosinga Channel_2023","ELB16-189 sp.",NA,"Bacteroidota bacterium"
"468","SAMN41712136","Roseomonas_B sp._LV_39_30. Rosinga Channel_2023","Roseomos sp.",NA,"Alphaproteobacteria bacterium"
"469","SAMN41712138","UBA4660 sp._LV_39_30. Rosinga Channel_2023","UBA4660 sp.",NA,"Flavobacteriales bacterium"
"470","SAMN41712139","QWQI01 sp._LV_39_30. Rosinga Channel_2023","QWQI01 sp.",NA,"Unknown NA"
"471","SAMN41712140","F1-60-MAGs149 sp016870485_LV_39_30. Rosinga Channel_2023","F1-60-MAGs149 sp016870485",NA,"Actinomycetota bacterium"
"472","SAMN41712141","UBA5518 sp._LV_39_30. Rosinga Channel_2023","UBA5518 sp.",NA,"Gammaproteobacteria bacterium"
"473","SAMN41712142","QWPT01 sp._LV_39_30. Rosinga Channel_2023","QWPT01 sp.",NA,"Unknown NA"
"474","SAMN41712144","BACL27 sp._LV_39_30. Rosinga Channel_2023","BACL27 sp.",NA,"Acidimicrobiaceae bacterium"
"475","SAMN41712145","UBA3064 sp016868175_LV_39_30. Rosinga Channel_2023","UBA3064 sp016868175",NA,"Betaproteobacteria bacterium"
"476","SAMN41712147","UBA2093 sp._LV_39_30. Rosinga Channel_2023","UBA2093 sp.",NA,"Acidimicrobiales bacterium"
"477","SAMN41712148","CADEFY01 sp._LV_39_30. Rosinga Channel_2023","CADEFY01 sp.",NA,"Unknown NA"
"478","SAMN41712149","QWPN01 sp._LV_39_30. Rosinga Channel_2023","QWPN01 sp.",NA,"Planctomycetaceae bacterium"
"479","SAMN41712150","UBA953 sp._LV_39_30. Rosinga Channel_2023","UBA953 sp.",NA,"Opitutae bacterium"
"480","SAMN41712152","NIES-981 sp._LV_39_30. Rosinga Channel_2023","NIES-981 sp.",NA,"Cyanobium sp."
"481","SAMN41712153","UBA4660 sp._LV_39_30. Rosinga Channel_2023_1","UBA4660 sp.",NA,"Flavobacteriales bacterium"
"482","SAMN41712154","SYFN01 sp016868055_LV_39_30. Rosinga Channel_2023","SYFN01 sp016868055",NA,"Betaproteobacteria bacterium"
"483","SAMN41712155","CAINVI01 sp._LV_39_30. Rosinga Channel_2023","CAINVI01 sp.",NA,"Bacteroidota bacterium"
"484","SAMN41712156","SXYR01 sp016868895_LV_39_30. Rosinga Channel_2023","SXYR01 sp016868895",NA,"Bacteroidota bacterium"
"485","SAMN41712157","PALSA-610 bacterium_LV_39_30. Rosinga Channel_2023","PALSA-610 bacterium",NA,"Actinomycetota bacterium"
"486","SAMN41712158","UBA9464 sp016871805_LV_39_30. Rosinga Channel_2023","UBA9464 sp016871805",NA,"Verrucomicrobiota bacterium"
"487","SAMN41712159","IMCC26256 sp._LV_39_30. Rosinga Channel_2023","IMCC26256 sp.",NA,"Actinomycetes bacterium"
"488","SAMN41712160","CAIQIA01 sp._LV_39_30. Rosinga Channel_2023","CAIQIA01 sp.",NA,"Cyanobacteriota bacterium"
"489","SAMN41712161","QWOP01 sp903885855_LV_39_30. Rosinga Channel_2023","QWOP01 sp903885855",NA,"Planctomycetaceae bacterium"
"490","SAMN41712164","OLB10 bacterium_LV_39_30. Rosinga Channel_2023","OLB10 bacterium",NA,"Bacteroidota bacterium"
"491","SAMN41712166","QWPN01 sp016872925_LV_39_30. Rosinga Channel_2023","QWPN01 sp016872925",NA,"Planctomycetota bacterium"
"492","SAMN41712167","QWPN01 sp._LV_39_30. Rosinga Channel_2023_1","QWPN01 sp.",NA,"Planctomycetaceae bacterium"
"493","SAMN41712168","CAILQO01 sp903836285_LV_39_30. Rosinga Channel_2023","CAILQO01 sp903836285",NA,"Chloroflexota bacterium"
"494","SAMN41712169","CAIRTT01 sp._LV_39_30. Rosinga Channel_2023_1","CAIRTT01 sp.",NA,"Armatimonadota bacterium"
"495","SAMN41712171","UBA961 sp009919265_LV_39_30. Rosinga Channel_2023","UBA961 sp009919265",NA,"Bacteroidota bacterium"
"496","SAMN41712173","SLCJ01 bacterium_LV_39_30. Rosinga Channel_2023","SLCJ01 bacterium",NA,"Verrucomicrobiales bacterium"
"497","SAMN41712174","REEB422 sp._LV_39_30. Rosinga Channel_2023","REEB422 sp.",NA,"Alphaproteobacteria bacterium"
"498","SAMN41712176","UBA953 sp._LV_39_30. Rosinga Channel_2023_1","UBA953 sp.",NA,"Verrucomicrobiota bacterium"
"499","SAMN41712178","SYHX01 sp._LV_39_30. Rosinga Channel_2023","SYHX01 sp.",NA,"Bacteroidota bacterium"
"500","SAMN41712179","BJ22 sp._LV_39_30. Rosinga Channel_2023","BJ22 sp.",NA,"Planctomycetota bacterium"
"501","SAMN41712180","M3007 sp._LV_40_31. South Rosinga_2023","M3007 sp.",NA,"Bacteroidota bacterium"
"502","SAMN41712181","Mxb001 sp._LV_40_31. South Rosinga_2023","Mxb001 sp.",NA,"Actinomycetota bacterium"
"503","SAMN41712182","ELB16-189 sp._LV_40_31. South Rosinga_2023","ELB16-189 sp.",NA,"Bacteroidota bacterium"
"504","SAMN41712183","SXXK01 sp._LV_40_31. South Rosinga_2023","SXXK01 sp.",NA,"Planctomycetaceae bacterium"
"505","SAMN41712184","REEB421 sp016873225_LV_40_31. South Rosinga_2023","REEB421 sp016873225",NA,"Planctomycetota bacterium"
"506","SAMN41712185","ATZT02 sp._LV_40_31. South Rosinga_2023","ATZT02 sp.",NA,"Actinomycetes bacterium"
"507","SAMN41712187","REEB426 sp._LV_40_31. South Rosinga_2023","REEB426 sp.",NA,"Actinomycetales bacterium"
"508","SAMN41712188","UBA7803 sp._LV_40_31. South Rosinga_2023","UBA7803 sp.",NA,"Gammaproteobacteria bacterium"
"509","SAMN41712189","F1-20-MAGs119 sp._LV_40_31. South Rosinga_2023","F1-20-MAGs119 sp.",NA,"Actinomycetota bacterium"
"510","SAMN41712190","UBA10511 sp._LV_40_31. South Rosinga_2023","UBA10511 sp.",NA,"Planctomycetaceae bacterium"
"511","SAMN41712192","UBA9464 bacterium_LV_40_31. South Rosinga_2023","UBA9464 bacterium",NA,"Verrucomicrobiota bacterium"
"512","SAMN41712193","QWQI01 sp._LV_40_31. South Rosinga_2023","QWQI01 sp.",NA,"Unknown NA"
"513","SAMN41712194","QWPN01 sp._LV_40_31. South Rosinga_2023","QWPN01 sp.",NA,"Planctomycetota bacterium"
"514","SAMN41712195","UBA4660 sp._LV_40_31. South Rosinga_2023","UBA4660 sp.",NA,"Flavobacteriales bacterium"
"515","SAMN41712196","BJGN01 sp._LV_40_31. South Rosinga_2023","BJGN01 sp.",NA,"Bacteroidota bacterium"
"516","SAMN41712197","OLB10 bacterium_LV_40_31. South Rosinga_2023","OLB10 bacterium",NA,"Bacteroidota bacterium"
"517","SAMN41712198","CAJANQ01 sp._LV_40_31. South Rosinga_2023","CAJANQ01 sp.",NA,"Actinomycetes bacterium"
"518","SAMN41712199","F1-60-MAGs027 sp016870295_LV_40_31. South Rosinga_2023","F1-60-MAGs027 sp016870295",NA,"Actinomycetota bacterium"
"519","SAMN41712200","JAGOSH01 sp._LV_40_31. South Rosinga_2023","JAGOSH01 sp.",NA,"Candidatus Pacebacteria bacterium"
"520","SAMN41712201","CAJANQ01 sp._LV_40_31. South Rosinga_2023_1","CAJANQ01 sp.",NA,"Actinomycetes bacterium"
"521","SAMN41712202","UBA969 sp005786805_LV_40_31. South Rosinga_2023","UBA969 sp005786805",NA,"Gemmataceae bacterium"
"522","SAMN41712203","SM1A02 bacterium_LV_40_31. South Rosinga_2023","SM1A02 bacterium",NA,"Planctomycetota bacterium"
"523","SAMN41712204","QWOP01 sp903885855_LV_40_31. South Rosinga_2023","QWOP01 sp903885855",NA,"Planctomycetaceae bacterium"
"524","SAMN41712205","Casp-actino8 sp._LV_40_31. South Rosinga_2023","Casp-actino8 sp.",NA,"Actinomycetota bacterium"
"525","SAMN41712206","CAIOHZ01 sp._LV_40_31. South Rosinga_2023","CAIOHZ01 sp.",NA,"Gammaproteobacteria bacterium"
"526","SAMN41712207","UBA3006 sp._LV_40_31. South Rosinga_2023","UBA3006 sp.",NA,"Actinomycetes bacterium"
"527","SAMN41712208","QWPN01 sp._LV_40_31. South Rosinga_2023_1","QWPN01 sp.",NA,"Planctomycetaceae bacterium"
"528","SAMN41712210","IMCC26256 sp._LV_40_31. South Rosinga_2023","IMCC26256 sp.",NA,"Actinomycetes bacterium"
"529","SAMN41712211","F1-60-MAGs027 sp._LV_40_31. South Rosinga_2023","F1-60-MAGs027 sp.",NA,"Actinomycetota bacterium"
"530","SAMN41712212","VGZA01 sp._LV_40_31. South Rosinga_2023","VGZA01 sp.",NA,"Planctomycetota bacterium"
"531","SAMN41712213","SM1A02 bacterium_LV_40_31. South Rosinga_2023_1","SM1A02 bacterium",NA,"Planctomycetota bacterium"
"532","SAMN41712214","RGVT01 sp._LV_40_31. South Rosinga_2023","RGVT01 sp.",NA,"Planctomycetia bacterium"
"533","SAMN41712215","OLB10 bacterium_LV_40_31. South Rosinga_2023_1","OLB10 bacterium",NA,"Bacteroidota bacterium"
"534","SAMN41712217","UBA961 sp._LV_40_31. South Rosinga_2023","UBA961 sp.",NA,"Ignavibacteria bacterium"
"535","SAMN41712218","SYHX01 sp._LV_40_31. South Rosinga_2023","SYHX01 sp.",NA,"Bacteroidota bacterium"
"536","SAMN41712219","SXXK01 sp._LV_40_31. South Rosinga_2023_1","SXXK01 sp.",NA,"Planctomycetaceae bacterium"
"537","SAMN41712221","QWPN01 sp._LV_40_31. South Rosinga_2023_2","QWPN01 sp.",NA,"Planctomycetaceae bacterium"
"538","SAMN41712222","SXXK01 sp._LV_40_31. South Rosinga_2023_2","SXXK01 sp.",NA,"Planctomycetota bacterium"
"539","SAMN41712223","SYAR01 sp._LV_40_31. South Rosinga_2023","SYAR01 sp.",NA,"Alphaproteobacteria bacterium"
"540","SAMN41712224","GCA-002722245 bacterium_LV_40_31. South Rosinga_2023","GCA-002722245 bacterium",NA,"Flavobacteriales bacterium"
"541","SAMN41712227","RFPI01 sp009926205_NR_1_12. Nyando River_2023","RFPI01 sp009926205",NA,"Methylophilaceae bacterium"
"542","SAMN41712228","Rhodoluna sp._NR_1_12. Nyando River_2023","Rhodolu sp.",NA,"Actinomycetota bacterium"
"543","SAMN41712229","TMED14 sp._NR_1_12. Nyando River_2023","TMED14 sp.",NA,"Schleiferiaceae bacterium"
"544","SAMN41712231","Arenimonas sp._NR_1_12. Nyando River_2023","Arenimos sp.",NA,"Arenimonas sp."
"545","SAMN41712232","NBD-18 sp._NR_1_12. Nyando River_2023","NBD-18 sp.",NA,"Betaproteobacteria bacterium"
"546","SAMN41712234","Rhodoluna sp._NR_1_12. Nyando River_2023_1","Rhodolu sp.",NA,"Micrococcales bacterium"
"547","SAMN41712235","Rhodoluna sp._NR_1_12. Nyando River_2023_2","Rhodolu sp.",NA,"Micrococcales bacterium"
"548","SAMN41712236","UBA952 sp._NR_1_12. Nyando River_2023","UBA952 sp.",NA,"Flavobacteriales bacterium"
"549","SAMN41712237","UBA952 sp._NR_1_12. Nyando River_2023_1","UBA952 sp.",NA,"Sphingomonadales bacterium"
"550","SAMN41712241","MWH-TA3 sp._NR_1_12. Nyando River_2023","MWH-TA3 sp.",NA,"Microbacteriaceae bacterium"
"551","SAMN41712242","UBA955 bacterium_NR_1_12. Nyando River_2023","UBA955 bacterium",NA,"Chitinophagaceae bacterium"
"552","SAMN41712243","Rhodoluna sp._NR_1_12. Nyando River_2023_3","Rhodolu sp.",NA,"Rhodoluna sp."
"553","SAMN41712246","MWH-TA3 sp._NR_1_12. Nyando River_2023_1","MWH-TA3 sp.",NA,"Microbacteriaceae bacterium"
"554","SAMN41712247","UBA955 sp016868785_NR_1_12. Nyando River_2023","UBA955 sp016868785",NA,"Bacteroidota bacterium"
"555","SAMN41712250","TMED14 sp016868755_NR_1_12. Nyando River_2023","TMED14 sp016868755",NA,"Bacteroidota bacterium"
"556","SAMN41712252","UBA952 sp._NR_1_12. Nyando River_2023_2","UBA952 sp.",NA,"Flavobacteriales bacterium"
"557","SAMN41712256","Rhodoluna sp._SRB_1_13. Sondu River Bride_2023","Rhodolu sp.",NA,"Rhodoluna sp."
"558","SAMN41712258","Rhodoluna sp._SRB_1_13. Sondu River Bride_2023_1","Rhodolu sp.",NA,"Micrococcales bacterium"
"559","SAMN41712259","Rhodoluna sp._SRB_1_13. Sondu River Bride_2023_2","Rhodolu sp.",NA,"Micrococcales bacterium"
"560","SAMN41712262","CAINEC01 sp._SRB_1_13. Sondu River Bride_2023","CAINEC01 sp.",NA,"Bacteroidota bacterium"
"561","SAMN41712265","CAIWHF01 sp._SRB_1_13. Sondu River Bride_2023","CAIWHF01 sp.",NA,"Bacteroidota bacterium"
"562","SAMN41712266","UBA952 sp._SRB_1_13. Sondu River Bride_2023","UBA952 sp.",NA,"Flavobacteriales bacterium"
"563","SAMN41712271","Rhodoluna sp._SRS_1_14. Sondu River Shore_2023","Rhodolu sp.",NA,"Rhodoluna sp."
"564","SAMN41712279","Rhodoluna sp._KR_1_16. Kibuon River_2023","Rhodolu sp.",NA,"Micrococcales bacterium"
"565","SAMN41712280","Rhodoluna sp._KR_1_16. Kibuon River_2023_1","Rhodolu sp.",NA,"Micrococcales bacterium"
"566","SAMN41712281","Rhodoluna sp._KR_1_16. Kibuon River_2023_2","Rhodolu sp.",NA,"Microbacteriaceae bacterium"
"567","SAMN41712291","Rhodoluna sp._KR_1_16. Kibuon River_2023_3","Rhodolu sp.",NA,"Micrococcales bacterium"
